 &plot nbnd= 260, nks=   121 /
            0.000000  0.000000  0.000000
  -60.255  -60.237  -60.237  -60.237  -60.237  -60.237  -60.237  -60.218  -60.218  -60.218
  -60.218  -60.218  -60.218  -60.218  -60.218  -60.218  -34.546  -34.546  -34.546  -34.480
  -34.480  -34.480  -34.480  -34.480  -34.480  -34.382  -34.368  -34.368  -34.368  -34.368
  -34.368  -34.368  -34.345  -34.345  -34.345  -34.345  -34.345  -34.345  -34.338  -34.338
  -34.338  -34.338  -34.338  -34.338  -34.309  -34.309  -34.309  -34.309  -34.309  -34.309
  -34.309  -34.309  -34.309  -34.269  -34.269  -34.269  -34.227  -34.227  -34.227  -34.227
  -34.227  -34.227  -34.185  -34.185  -13.415  -12.601  -12.601  -12.601  -12.601  -12.601
  -12.601  -12.107  -11.777  -11.777  -11.777  -11.777  -11.777  -11.777  -11.601  -11.601
  -11.601  -11.601  -11.601  -11.601  -11.574  -11.574  -11.574  -11.377  -11.377  -11.377
  -11.356  -11.356  -11.356  -11.356  -11.356  -11.356   -5.085   -5.085   -5.085   -4.933
   -4.433   -4.433   -4.433   -4.433   -4.433   -4.433   -4.319   -4.319   -4.319   -4.319
   -4.319   -4.319   -4.238   -4.238   -4.238   -4.238   -4.238   -4.238   -4.096   -4.096
   -4.096   -3.396   -3.396   -3.396   -3.156   -3.156   -3.156   -3.156   -3.156   -3.156
   -2.949   -2.949   -2.949   -2.949   -2.949   -2.949   -2.898   -2.898   -2.898   -2.898
   -2.898   -2.898   -2.555   -2.555   -2.555   -2.555   -2.555   -2.555   -2.512   -2.512
   -2.512   -2.246   -2.246   -2.246   -2.246   -2.246   -2.246   -1.972   -1.972   -1.839
   -1.839   -1.839   -1.839   -1.839   -1.839   -1.198   -1.198   -1.198   -1.157   -1.157
   -1.157   -1.157   -1.157   -1.157   -1.097   -0.968   -0.968   -0.968   -0.968   -0.968
   -0.968   -0.872   -0.872   -0.659   -0.659   -0.659   -0.659   -0.659   -0.659   -0.349
   -0.349   -0.349   -0.055   -0.055   -0.055   -0.055   -0.055   -0.055    0.025    0.025
    0.025    0.124    0.124    0.124    0.124    0.124    0.124    0.672    2.806    2.806
    2.806    2.806    2.806    2.806    2.827    2.827    2.827    2.827    2.827    2.827
    2.860    2.860    2.860    2.992    2.992    2.992    2.992    2.992    2.992    3.374
    3.374    3.374    3.389    3.389    3.436    3.436    3.436    3.436    3.436    3.437
    3.532    3.532    3.532    3.532    3.532    3.532    3.643    3.643    3.748    3.748
    3.748    3.748    3.748    3.748    4.404    4.404    4.404    4.404    4.404    4.404
            0.012500  0.007217  0.000000
  -60.255  -60.237  -60.237  -60.237  -60.236  -60.236  -60.236  -60.219  -60.219  -60.218
  -60.218  -60.218  -60.218  -60.218  -60.218  -60.218  -34.546  -34.546  -34.546  -34.480
  -34.480  -34.480  -34.480  -34.480  -34.480  -34.382  -34.372  -34.370  -34.370  -34.367
  -34.367  -34.365  -34.346  -34.346  -34.346  -34.345  -34.345  -34.345  -34.339  -34.339
  -34.338  -34.338  -34.336  -34.336  -34.309  -34.309  -34.309  -34.309  -34.309  -34.309
  -34.309  -34.308  -34.308  -34.269  -34.269  -34.269  -34.228  -34.228  -34.228  -34.227
  -34.227  -34.227  -34.185  -34.185  -13.415  -12.619  -12.610  -12.610  -12.592  -12.592
  -12.584  -12.107  -11.784  -11.780  -11.780  -11.773  -11.773  -11.769  -11.612  -11.612
  -11.601  -11.601  -11.590  -11.590  -11.575  -11.574  -11.574  -11.378  -11.377  -11.377
  -11.361  -11.361  -11.356  -11.356  -11.352  -11.352   -5.085   -5.085   -5.085   -4.933
   -4.436   -4.436   -4.434   -4.434   -4.430   -4.430   -4.320   -4.320   -4.319   -4.319
   -4.319   -4.319   -4.256   -4.256   -4.238   -4.238   -4.220   -4.220   -4.096   -4.096
   -4.096   -3.396   -3.396   -3.396   -3.165   -3.161   -3.161   -3.151   -3.151   -3.146
   -2.950   -2.950   -2.949   -2.949   -2.949   -2.949   -2.922   -2.910   -2.910   -2.886
   -2.886   -2.874   -2.561   -2.561   -2.555   -2.555   -2.549   -2.549   -2.512   -2.512
   -2.512   -2.268   -2.268   -2.245   -2.245   -2.224   -2.224   -1.973   -1.972   -1.855
   -1.848   -1.848   -1.832   -1.832   -1.824   -1.198   -1.198   -1.198   -1.174   -1.166
   -1.166   -1.149   -1.149   -1.141   -1.099   -0.981   -0.981   -0.968   -0.968   -0.955
   -0.955   -0.872   -0.870   -0.671   -0.665   -0.665   -0.653   -0.653   -0.648   -0.350
   -0.350   -0.349   -0.071   -0.063   -0.063   -0.047   -0.047   -0.039    0.024    0.025
    0.025    0.113    0.113    0.124    0.124    0.135    0.135    0.672    2.798    2.798
    2.806    2.806    2.813    2.813    2.825    2.826    2.826    2.828    2.828    2.829
    2.860    2.860    2.860    2.984    2.988    2.988    2.996    2.996    3.000    3.374
    3.374    3.374    3.388    3.389    3.418    3.418    3.436    3.436    3.455    3.455
    3.514    3.523    3.523    3.540    3.540    3.549    3.643    3.643    3.744    3.744
    3.748    3.748    3.751    3.751    4.389    4.397    4.397    4.411    4.411    4.418
            0.025000  0.014434  0.000000
  -60.255  -60.237  -60.237  -60.237  -60.236  -60.236  -60.236  -60.219  -60.219  -60.218
  -60.218  -60.218  -60.218  -60.218  -60.218  -60.218  -34.546  -34.546  -34.546  -34.481
  -34.481  -34.480  -34.480  -34.479  -34.479  -34.382  -34.375  -34.372  -34.372  -34.365
  -34.365  -34.361  -34.347  -34.346  -34.346  -34.345  -34.345  -34.344  -34.341  -34.341
  -34.338  -34.338  -34.334  -34.334  -34.310  -34.310  -34.309  -34.309  -34.309  -34.309
  -34.309  -34.308  -34.308  -34.269  -34.269  -34.269  -34.229  -34.228  -34.228  -34.227
  -34.227  -34.226  -34.186  -34.185  -13.414  -12.636  -12.619  -12.619  -12.583  -12.583
  -12.566  -12.107  -11.791  -11.783  -11.783  -11.769  -11.769  -11.762  -11.624  -11.624
  -11.601  -11.601  -11.579  -11.579  -11.575  -11.574  -11.574  -11.378  -11.377  -11.377
  -11.366  -11.366  -11.356  -11.356  -11.347  -11.347   -5.084   -5.084   -5.084   -4.932
   -4.439   -4.439   -4.434   -4.434   -4.427   -4.427   -4.321   -4.321   -4.320   -4.319
   -4.319   -4.319   -4.273   -4.273   -4.238   -4.238   -4.202   -4.202   -4.096   -4.096
   -4.095   -3.396   -3.396   -3.396   -3.173   -3.165   -3.165   -3.147   -3.147   -3.136
   -2.952   -2.952   -2.950   -2.950   -2.950   -2.950   -2.945   -2.921   -2.921   -2.874
   -2.874   -2.850   -2.568   -2.568   -2.555   -2.555   -2.542   -2.542   -2.512   -2.512
   -2.512   -2.289   -2.289   -2.242   -2.242   -2.201   -2.201   -1.974   -1.972   -1.870
   -1.857   -1.857   -1.826   -1.826   -1.809   -1.197   -1.197   -1.197   -1.190   -1.174
   -1.174   -1.141   -1.141   -1.124   -1.105   -0.995   -0.995   -0.968   -0.968   -0.941
   -0.941   -0.873   -0.865   -0.683   -0.669   -0.669   -0.646   -0.646   -0.636   -0.353
   -0.353   -0.350   -0.087   -0.071   -0.071   -0.040   -0.040   -0.023    0.024    0.027
    0.027    0.102    0.102    0.124    0.124    0.147    0.147    0.671    2.790    2.790
    2.806    2.806    2.819    2.819    2.824    2.824    2.824    2.828    2.828    2.831
    2.860    2.860    2.860    2.976    2.985    2.985    3.001    3.001    3.009    3.373
    3.374    3.374    3.388    3.390    3.401    3.401    3.436    3.436    3.474    3.474
    3.497    3.513    3.513    3.548    3.548    3.567    3.641    3.643    3.740    3.740
    3.749    3.749    3.755    3.755    4.375    4.391    4.391    4.419    4.419    4.432
            0.037500  0.021651  0.000000
  -60.255  -60.238  -60.237  -60.237  -60.236  -60.236  -60.235  -60.219  -60.219  -60.218
  -60.218  -60.218  -60.218  -60.218  -60.218  -60.218  -34.546  -34.546  -34.546  -34.481
  -34.481  -34.480  -34.480  -34.479  -34.479  -34.382  -34.379  -34.374  -34.374  -34.363
  -34.363  -34.358  -34.347  -34.346  -34.346  -34.344  -34.344  -34.343  -34.343  -34.343
  -34.337  -34.337  -34.332  -34.332  -34.310  -34.310  -34.309  -34.309  -34.309  -34.309
  -34.309  -34.308  -34.308  -34.269  -34.269  -34.269  -34.230  -34.229  -34.229  -34.226
  -34.226  -34.225  -34.186  -34.185  -13.414  -12.654  -12.627  -12.627  -12.574  -12.574
  -12.548  -12.107  -11.798  -11.787  -11.787  -11.766  -11.766  -11.755  -11.635  -11.635
  -11.601  -11.601  -11.576  -11.574  -11.574  -11.569  -11.569  -11.378  -11.377  -11.377
  -11.371  -11.371  -11.356  -11.356  -11.342  -11.342   -5.083   -5.083   -5.083   -4.931
   -4.441   -4.441   -4.436   -4.436   -4.423   -4.423   -4.323   -4.323   -4.320   -4.320
   -4.319   -4.319   -4.290   -4.290   -4.238   -4.238   -4.183   -4.183   -4.097   -4.097
   -4.094   -3.395   -3.395   -3.395   -3.181   -3.169   -3.169   -3.142   -3.142   -3.125
   -2.969   -2.955   -2.955   -2.952   -2.952   -2.952   -2.952   -2.933   -2.933   -2.861
   -2.861   -2.825   -2.573   -2.573   -2.555   -2.555   -2.535   -2.535   -2.512   -2.512
   -2.511   -2.309   -2.309   -2.236   -2.236   -2.178   -2.178   -1.976   -1.971   -1.885
   -1.867   -1.867   -1.821   -1.821   -1.793   -1.207   -1.197   -1.197   -1.197   -1.183
   -1.183   -1.134   -1.134   -1.114   -1.108   -1.008   -1.008   -0.969   -0.969   -0.928
   -0.928   -0.874   -0.856   -0.694   -0.673   -0.673   -0.638   -0.638   -0.625   -0.359
   -0.359   -0.350   -0.102   -0.079   -0.079   -0.032   -0.032   -0.007    0.022    0.029
    0.029    0.091    0.091    0.124    0.124    0.158    0.158    0.671    2.782    2.782
    2.806    2.806    2.822    2.822    2.824    2.824    2.824    2.827    2.827    2.834
    2.859    2.860    2.860    2.968    2.982    2.982    3.006    3.006    3.018    3.372
    3.374    3.374    3.383    3.383    3.386    3.391    3.436    3.436    3.481    3.493
    3.493    3.503    3.503    3.555    3.555    3.585    3.639    3.642    3.736    3.736
    3.751    3.751    3.758    3.758    4.360    4.385    4.385    4.428    4.428    4.446
            0.050000  0.028868  0.000000
  -60.255  -60.238  -60.237  -60.237  -60.236  -60.236  -60.235  -60.219  -60.219  -60.218
  -60.218  -60.218  -60.218  -60.218  -60.218  -60.218  -34.546  -34.546  -34.546  -34.482
  -34.482  -34.481  -34.481  -34.478  -34.478  -34.383  -34.381  -34.376  -34.376  -34.361
  -34.361  -34.354  -34.348  -34.347  -34.347  -34.344  -34.344  -34.344  -34.344  -34.342
  -34.337  -34.337  -34.331  -34.331  -34.310  -34.310  -34.309  -34.309  -34.309  -34.309
  -34.309  -34.307  -34.307  -34.269  -34.269  -34.269  -34.231  -34.229  -34.229  -34.226
  -34.226  -34.224  -34.186  -34.186  -13.413  -12.671  -12.635  -12.635  -12.565  -12.565
  -12.531  -12.106  -11.805  -11.790  -11.790  -11.762  -11.762  -11.748  -11.647  -11.647
  -11.601  -11.601  -11.578  -11.574  -11.574  -11.558  -11.558  -11.379  -11.377  -11.377
  -11.376  -11.376  -11.356  -11.356  -11.338  -11.337   -5.082   -5.082   -5.081   -4.930
   -4.443   -4.443   -4.438   -4.438   -4.419   -4.419   -4.326   -4.325   -4.320   -4.320
   -4.320   -4.320   -4.307   -4.307   -4.237   -4.237   -4.164   -4.164   -4.097   -4.097
   -4.092   -3.395   -3.395   -3.394   -3.187   -3.173   -3.173   -3.137   -3.137   -3.114
   -2.993   -2.959   -2.959   -2.954   -2.954   -2.954   -2.954   -2.945   -2.945   -2.849
   -2.849   -2.801   -2.579   -2.579   -2.555   -2.555   -2.528   -2.528   -2.512   -2.512
   -2.511   -2.329   -2.329   -2.229   -2.229   -2.154   -2.154   -1.978   -1.970   -1.899
   -1.878   -1.878   -1.818   -1.818   -1.778   -1.223   -1.197   -1.197   -1.196   -1.191
   -1.191   -1.126   -1.126   -1.126   -1.092   -1.022   -1.022   -0.970   -0.970   -0.915
   -0.915   -0.876   -0.846   -0.706   -0.676   -0.676   -0.630   -0.630   -0.614   -0.366
   -0.366   -0.351   -0.117   -0.087   -0.087   -0.024   -0.024    0.010    0.020    0.032
    0.032    0.080    0.080    0.124    0.124    0.170    0.170    0.671    2.773    2.773
    2.807    2.807    2.820    2.820    2.823    2.826    2.826    2.829    2.829    2.837
    2.859    2.861    2.861    2.960    2.979    2.979    3.011    3.011    3.027    3.367
    3.367    3.371    3.374    3.374    3.385    3.393    3.436    3.436    3.464    3.492
    3.492    3.512    3.512    3.561    3.561    3.603    3.636    3.640    3.732    3.732
    3.754    3.754    3.762    3.762    4.345    4.380    4.380    4.437    4.437    4.459
            0.062500  0.036084  0.000000
  -60.254  -60.238  -60.237  -60.237  -60.236  -60.236  -60.235  -60.219  -60.219  -60.219
  -60.218  -60.218  -60.218  -60.218  -60.218  -60.218  -34.546  -34.546  -34.545  -34.482
  -34.482  -34.481  -34.481  -34.477  -34.477  -34.386  -34.381  -34.377  -34.377  -34.360
  -34.360  -34.351  -34.349  -34.347  -34.347  -34.346  -34.346  -34.343  -34.343  -34.342
  -34.337  -34.337  -34.329  -34.329  -34.311  -34.311  -34.309  -34.309  -34.309  -34.309
  -34.309  -34.307  -34.307  -34.270  -34.270  -34.269  -34.232  -34.230  -34.230  -34.226
  -34.226  -34.223  -34.186  -34.186  -13.411  -12.688  -12.643  -12.643  -12.555  -12.555
  -12.513  -12.106  -11.812  -11.793  -11.793  -11.758  -11.758  -11.741  -11.659  -11.659
  -11.601  -11.601  -11.580  -11.575  -11.575  -11.548  -11.548  -11.382  -11.382  -11.380
  -11.377  -11.377  -11.357  -11.357  -11.333  -11.333   -5.080   -5.080   -5.079   -4.929
   -4.445   -4.445   -4.441   -4.441   -4.415   -4.415   -4.330   -4.329   -4.324   -4.324
   -4.321   -4.321   -4.320   -4.320   -4.237   -4.237   -4.145   -4.145   -4.098   -4.098
   -4.090   -3.394   -3.394   -3.393   -3.194   -3.177   -3.177   -3.132   -3.132   -3.101
   -3.017   -2.964   -2.964   -2.957   -2.957   -2.957   -2.957   -2.956   -2.956   -2.837
   -2.837   -2.777   -2.585   -2.585   -2.554   -2.554   -2.521   -2.521   -2.512   -2.512
   -2.510   -2.348   -2.348   -2.219   -2.219   -2.130   -2.130   -1.981   -1.969   -1.914
   -1.891   -1.891   -1.815   -1.815   -1.762   -1.239   -1.200   -1.200   -1.196   -1.196
   -1.196   -1.140   -1.119   -1.119   -1.075   -1.035   -1.035   -0.971   -0.971   -0.903
   -0.903   -0.878   -0.833   -0.718   -0.679   -0.679   -0.621   -0.621   -0.602   -0.375
   -0.375   -0.352   -0.131   -0.095   -0.095   -0.016   -0.016    0.018    0.027    0.036
    0.036    0.070    0.070    0.125    0.125    0.182    0.182    0.670    2.763    2.763
    2.807    2.807    2.818    2.818    2.823    2.824    2.824    2.833    2.833    2.841
    2.858    2.861    2.861    2.952    2.978    2.978    3.016    3.016    3.036    3.351
    3.351    3.368    3.374    3.374    3.382    3.395    3.435    3.435    3.448    3.481
    3.481    3.532    3.532    3.567    3.567    3.621    3.632    3.639    3.728    3.728
    3.757    3.757    3.765    3.765    4.330    4.376    4.376    4.447    4.447    4.473
            0.075000  0.043301  0.000000
  -60.254  -60.239  -60.238  -60.238  -60.235  -60.235  -60.234  -60.220  -60.220  -60.219
  -60.218  -60.218  -60.218  -60.218  -60.217  -60.217  -34.546  -34.546  -34.545  -34.482
  -34.482  -34.481  -34.481  -34.477  -34.477  -34.390  -34.381  -34.379  -34.379  -34.358
  -34.358  -34.350  -34.348  -34.348  -34.347  -34.347  -34.347  -34.343  -34.343  -34.341
  -34.336  -34.336  -34.327  -34.327  -34.311  -34.311  -34.309  -34.309  -34.309  -34.309
  -34.309  -34.307  -34.307  -34.270  -34.270  -34.269  -34.232  -34.230  -34.230  -34.225
  -34.225  -34.222  -34.187  -34.186  -13.410  -12.705  -12.651  -12.651  -12.545  -12.545
  -12.495  -12.105  -11.818  -11.796  -11.796  -11.754  -11.754  -11.734  -11.671  -11.671
  -11.601  -11.601  -11.583  -11.575  -11.575  -11.538  -11.538  -11.387  -11.387  -11.381
  -11.377  -11.377  -11.357  -11.357  -11.329  -11.329   -5.078   -5.078   -5.077   -4.927
   -4.447   -4.447   -4.445   -4.445   -4.411   -4.411   -4.340   -4.340   -4.335   -4.333
   -4.321   -4.321   -4.320   -4.320   -4.236   -4.236   -4.125   -4.125   -4.098   -4.098
   -4.088   -3.393   -3.393   -3.392   -3.199   -3.181   -3.181   -3.126   -3.126   -3.088
   -3.040   -2.970   -2.970   -2.969   -2.969   -2.960   -2.960   -2.959   -2.959   -2.824
   -2.824   -2.753   -2.590   -2.590   -2.554   -2.554   -2.513   -2.513   -2.512   -2.512
   -2.508   -2.366   -2.366   -2.207   -2.207   -2.106   -2.106   -1.985   -1.967   -1.929
   -1.904   -1.904   -1.813   -1.813   -1.746   -1.256   -1.209   -1.209   -1.196   -1.196
   -1.195   -1.156   -1.113   -1.113   -1.059   -1.049   -1.049   -0.972   -0.972   -0.890
   -0.890   -0.880   -0.820   -0.729   -0.681   -0.681   -0.611   -0.611   -0.591   -0.387
   -0.387   -0.354   -0.145   -0.102   -0.102   -0.008   -0.008    0.015    0.041    0.041
    0.044    0.060    0.060    0.125    0.125    0.194    0.194    0.669    2.754    2.754
    2.808    2.808    2.815    2.815    2.821    2.821    2.824    2.836    2.836    2.844
    2.858    2.861    2.861    2.945    2.977    2.977    3.022    3.022    3.045    3.335
    3.335    3.366    3.374    3.374    3.380    3.398    3.432    3.435    3.435    3.469
    3.469    3.551    3.551    3.572    3.572    3.627    3.637    3.639    3.724    3.724
    3.761    3.761    3.768    3.768    4.315    4.372    4.372    4.457    4.457    4.486
            0.087500  0.050518  0.000000
  -60.254  -60.239  -60.238  -60.238  -60.235  -60.235  -60.234  -60.220  -60.220  -60.219
  -60.218  -60.218  -60.218  -60.218  -60.217  -60.217  -34.545  -34.545  -34.545  -34.483
  -34.483  -34.482  -34.482  -34.476  -34.476  -34.393  -34.381  -34.381  -34.381  -34.356
  -34.356  -34.350  -34.349  -34.349  -34.348  -34.348  -34.344  -34.343  -34.343  -34.340
  -34.336  -34.336  -34.325  -34.325  -34.312  -34.311  -34.309  -34.309  -34.309  -34.309
  -34.309  -34.306  -34.306  -34.270  -34.270  -34.269  -34.233  -34.231  -34.231  -34.225
  -34.225  -34.222  -34.187  -34.186  -13.408  -12.722  -12.658  -12.658  -12.535  -12.535
  -12.477  -12.104  -11.825  -11.799  -11.799  -11.750  -11.750  -11.727  -11.683  -11.683
  -11.601  -11.601  -11.586  -11.575  -11.575  -11.529  -11.529  -11.392  -11.392  -11.382
  -11.377  -11.377  -11.357  -11.357  -11.324  -11.324   -5.075   -5.075   -5.074   -4.925
   -4.449   -4.449   -4.449   -4.449   -4.407   -4.407   -4.355   -4.355   -4.340   -4.338
   -4.322   -4.322   -4.321   -4.321   -4.236   -4.236   -4.106   -4.106   -4.099   -4.099
   -4.085   -3.392   -3.392   -3.390   -3.204   -3.184   -3.184   -3.121   -3.121   -3.075
   -3.064   -2.980   -2.980   -2.977   -2.977   -2.964   -2.964   -2.962   -2.962   -2.812
   -2.812   -2.728   -2.595   -2.595   -2.553   -2.553   -2.512   -2.512   -2.507   -2.506
   -2.506   -2.383   -2.383   -2.194   -2.194   -2.081   -2.081   -1.989   -1.965   -1.943
   -1.918   -1.918   -1.813   -1.813   -1.730   -1.272   -1.218   -1.218   -1.195   -1.195
   -1.194   -1.173   -1.106   -1.106   -1.062   -1.062   -1.043   -0.974   -0.974   -0.884
   -0.877   -0.877   -0.805   -0.741   -0.682   -0.682   -0.601   -0.601   -0.580   -0.399
   -0.399   -0.356   -0.159   -0.109   -0.109   -0.000   -0.000    0.011    0.046    0.046
    0.050    0.050    0.061    0.126    0.126    0.207    0.207    0.668    2.743    2.743
    2.809    2.809    2.812    2.812    2.817    2.817    2.825    2.838    2.838    2.849
    2.857    2.862    2.862    2.938    2.977    2.977    3.027    3.027    3.054    3.321
    3.321    3.363    3.373    3.373    3.377    3.402    3.417    3.434    3.434    3.457
    3.457    3.571    3.571    3.577    3.577    3.621    3.635    3.658    3.720    3.720
    3.765    3.765    3.771    3.771    4.300    4.368    4.368    4.468    4.468    4.493
            0.100000  0.057735  0.000000
  -60.254  -60.239  -60.238  -60.238  -60.235  -60.235  -60.234  -60.220  -60.220  -60.219
  -60.218  -60.218  -60.218  -60.218  -60.217  -60.217  -34.545  -34.545  -34.544  -34.483
  -34.483  -34.482  -34.482  -34.476  -34.476  -34.397  -34.383  -34.383  -34.381  -34.355
  -34.355  -34.351  -34.351  -34.351  -34.348  -34.348  -34.342  -34.342  -34.340  -34.340
  -34.335  -34.335  -34.324  -34.324  -34.312  -34.312  -34.309  -34.309  -34.309  -34.309
  -34.309  -34.306  -34.306  -34.270  -34.270  -34.269  -34.234  -34.232  -34.232  -34.225
  -34.225  -34.221  -34.188  -34.186  -13.406  -12.739  -12.665  -12.665  -12.525  -12.525
  -12.459  -12.104  -11.832  -11.802  -11.802  -11.746  -11.746  -11.719  -11.695  -11.695
  -11.601  -11.601  -11.589  -11.575  -11.575  -11.519  -11.519  -11.398  -11.398  -11.383
  -11.377  -11.377  -11.357  -11.357  -11.320  -11.320   -5.072   -5.072   -5.070   -4.922
   -4.453   -4.453   -4.450   -4.450   -4.402   -4.402   -4.370   -4.370   -4.346   -4.343
   -4.322   -4.322   -4.321   -4.321   -4.235   -4.235   -4.100   -4.100   -4.086   -4.086
   -4.081   -3.391   -3.391   -3.389   -3.209   -3.187   -3.187   -3.116   -3.116   -3.087
   -3.061   -2.992   -2.992   -2.984   -2.984   -2.969   -2.969   -2.965   -2.965   -2.800
   -2.800   -2.704   -2.599   -2.599   -2.553   -2.553   -2.512   -2.512   -2.505   -2.498
   -2.498   -2.399   -2.399   -2.179   -2.179   -2.056   -2.056   -1.994   -1.963   -1.958
   -1.933   -1.933   -1.813   -1.813   -1.715   -1.288   -1.227   -1.227   -1.194   -1.194
   -1.192   -1.192   -1.101   -1.101   -1.076   -1.076   -1.026   -0.976   -0.976   -0.887
   -0.865   -0.865   -0.790   -0.753   -0.682   -0.682   -0.590   -0.590   -0.570   -0.414
   -0.414   -0.358   -0.172   -0.117   -0.117    0.007    0.008    0.008    0.040    0.040
    0.051    0.051    0.078    0.126    0.126    0.219    0.219    0.667    2.733    2.733
    2.809    2.809    2.810    2.810    2.813    2.813    2.827    2.839    2.839    2.853
    2.857    2.863    2.863    2.931    2.978    2.978    3.032    3.032    3.064    3.307
    3.307    3.360    3.373    3.373    3.373    3.402    3.406    3.434    3.434    3.444
    3.444    3.581    3.581    3.591    3.591    3.614    3.632    3.676    3.715    3.715
    3.771    3.771    3.774    3.774    4.284    4.365    4.365    4.480    4.480    4.491
            0.112500  0.064952  0.000000
  -60.254  -60.240  -60.238  -60.238  -60.235  -60.235  -60.233  -60.220  -60.220  -60.219
  -60.218  -60.218  -60.218  -60.218  -60.217  -60.217  -34.545  -34.545  -34.544  -34.483
  -34.483  -34.483  -34.483  -34.475  -34.475  -34.400  -34.385  -34.385  -34.381  -34.353
  -34.353  -34.352  -34.352  -34.352  -34.348  -34.348  -34.342  -34.342  -34.339  -34.337
  -34.335  -34.335  -34.322  -34.322  -34.312  -34.312  -34.309  -34.309  -34.309  -34.309
  -34.309  -34.306  -34.306  -34.271  -34.271  -34.268  -34.235  -34.232  -34.232  -34.225
  -34.225  -34.220  -34.188  -34.186  -13.403  -12.756  -12.672  -12.672  -12.515  -12.515
  -12.441  -12.103  -11.839  -11.805  -11.805  -11.742  -11.742  -11.712  -11.708  -11.708
  -11.600  -11.600  -11.593  -11.575  -11.575  -11.510  -11.510  -11.403  -11.403  -11.384
  -11.377  -11.377  -11.357  -11.357  -11.316  -11.316   -5.069   -5.069   -5.066   -4.919
   -4.459   -4.459   -4.451   -4.451   -4.398   -4.398   -4.385   -4.385   -4.353   -4.349
   -4.323   -4.323   -4.321   -4.321   -4.234   -4.234   -4.101   -4.101   -4.077   -4.065
   -4.065   -3.390   -3.390   -3.387   -3.212   -3.190   -3.190   -3.111   -3.111   -3.110
   -3.046   -3.003   -3.003   -2.992   -2.992   -2.975   -2.975   -2.969   -2.969   -2.787
   -2.787   -2.680   -2.603   -2.603   -2.552   -2.552   -2.512   -2.512   -2.503   -2.491
   -2.491   -2.414   -2.414   -2.162   -2.162   -2.031   -2.031   -2.000   -1.972   -1.960
   -1.949   -1.949   -1.815   -1.815   -1.699   -1.304   -1.236   -1.236   -1.211   -1.193
   -1.193   -1.191   -1.095   -1.095   -1.089   -1.089   -1.010   -0.978   -0.978   -0.891
   -0.853   -0.853   -0.774   -0.764   -0.682   -0.682   -0.578   -0.578   -0.559   -0.429
   -0.429   -0.360   -0.184   -0.123   -0.123    0.002    0.015    0.015    0.031    0.031
    0.057    0.057    0.095    0.127    0.127    0.231    0.231    0.666    2.722    2.722
    2.806    2.806    2.808    2.808    2.811    2.811    2.829    2.839    2.839    2.856
    2.858    2.863    2.863    2.925    2.979    2.979    3.038    3.038    3.074    3.294
    3.294    3.356    3.369    3.373    3.373    3.387    3.410    3.431    3.431    3.433
    3.433    3.585    3.585    3.607    3.610    3.610    3.629    3.695    3.711    3.711
    3.777    3.777    3.777    3.777    4.269    4.363    4.363    4.488    4.491    4.491
            0.125000  0.072169  0.000000
  -60.254  -60.240  -60.238  -60.238  -60.235  -60.235  -60.233  -60.220  -60.220  -60.219
  -60.218  -60.218  -60.218  -60.218  -60.217  -60.217  -34.544  -34.544  -34.543  -34.484
  -34.484  -34.483  -34.483  -34.474  -34.474  -34.404  -34.387  -34.387  -34.381  -34.354
  -34.354  -34.352  -34.352  -34.352  -34.348  -34.348  -34.341  -34.341  -34.338  -34.334
  -34.334  -34.333  -34.320  -34.320  -34.313  -34.313  -34.309  -34.309  -34.309  -34.309
  -34.309  -34.306  -34.306  -34.271  -34.271  -34.268  -34.236  -34.233  -34.233  -34.225
  -34.225  -34.219  -34.189  -34.186  -13.401  -12.772  -12.679  -12.679  -12.504  -12.504
  -12.423  -12.101  -11.846  -11.808  -11.808  -11.737  -11.737  -11.720  -11.720  -11.705
  -11.600  -11.600  -11.597  -11.575  -11.575  -11.501  -11.501  -11.408  -11.408  -11.386
  -11.377  -11.377  -11.357  -11.357  -11.312  -11.312   -5.065   -5.065   -5.062   -4.916
   -4.465   -4.465   -4.452   -4.452   -4.400   -4.400   -4.393   -4.393   -4.361   -4.356
   -4.324   -4.324   -4.322   -4.322   -4.233   -4.233   -4.102   -4.102   -4.073   -4.045
   -4.045   -3.388   -3.388   -3.385   -3.216   -3.193   -3.193   -3.134   -3.105   -3.105
   -3.031   -3.015   -3.015   -3.001   -3.001   -2.981   -2.981   -2.973   -2.973   -2.775
   -2.775   -2.655   -2.607   -2.607   -2.552   -2.552   -2.512   -2.512   -2.501   -2.483
   -2.483   -2.429   -2.429   -2.144   -2.144   -2.006   -2.005   -2.005   -1.986   -1.965
   -1.965   -1.957   -1.817   -1.817   -1.683   -1.320   -1.244   -1.244   -1.231   -1.192
   -1.192   -1.189   -1.103   -1.103   -1.090   -1.090   -0.994   -0.980   -0.980   -0.896
   -0.841   -0.841   -0.776   -0.758   -0.682   -0.682   -0.566   -0.566   -0.549   -0.446
   -0.446   -0.363   -0.196   -0.130   -0.130   -0.003    0.021    0.021    0.022    0.022
    0.063    0.063    0.112    0.128    0.128    0.244    0.244    0.665    2.711    2.711
    2.803    2.803    2.803    2.803    2.812    2.812    2.831    2.839    2.839    2.855
    2.863    2.864    2.864    2.918    2.981    2.981    3.043    3.043    3.084    3.281
    3.281    3.352    3.365    3.372    3.373    3.373    3.415    3.418    3.418    3.432
    3.432    3.588    3.588    3.599    3.626    3.630    3.630    3.707    3.707    3.714
    3.780    3.780    3.784    3.784    4.253    4.361    4.361    4.485    4.504    4.504
            0.137500  0.079386  0.000000
  -60.254  -60.240  -60.238  -60.238  -60.234  -60.234  -60.233  -60.221  -60.221  -60.219
  -60.218  -60.218  -60.218  -60.218  -60.217  -60.217  -34.544  -34.544  -34.542  -34.484
  -34.484  -34.483  -34.483  -34.473  -34.473  -34.407  -34.388  -34.388  -34.381  -34.355
  -34.355  -34.353  -34.350  -34.350  -34.349  -34.349  -34.341  -34.341  -34.337  -34.333
  -34.333  -34.330  -34.318  -34.318  -34.313  -34.313  -34.310  -34.309  -34.309  -34.309
  -34.309  -34.305  -34.305  -34.271  -34.271  -34.268  -34.236  -34.234  -34.234  -34.224
  -34.224  -34.218  -34.190  -34.186  -13.398  -12.789  -12.686  -12.686  -12.494  -12.494
  -12.405  -12.100  -11.852  -11.810  -11.810  -11.733  -11.733  -11.733  -11.733  -11.698
  -11.602  -11.600  -11.600  -11.576  -11.576  -11.492  -11.492  -11.414  -11.414  -11.388
  -11.377  -11.377  -11.357  -11.357  -11.308  -11.308   -5.061   -5.061   -5.057   -4.913
   -4.471   -4.471   -4.453   -4.453   -4.414   -4.414   -4.388   -4.388   -4.369   -4.364
   -4.325   -4.325   -4.322   -4.322   -4.232   -4.232   -4.103   -4.103   -4.068   -4.024
   -4.024   -3.387   -3.387   -3.382   -3.219   -3.196   -3.196   -3.157   -3.100   -3.100
   -3.027   -3.027   -3.015   -3.010   -3.010   -2.988   -2.988   -2.977   -2.977   -2.762
   -2.762   -2.631   -2.611   -2.611   -2.551   -2.551   -2.512   -2.512   -2.499   -2.475
   -2.475   -2.442   -2.442   -2.124   -2.124   -2.013   -2.000   -1.982   -1.982   -1.980
   -1.980   -1.954   -1.820   -1.820   -1.667   -1.336   -1.253   -1.253   -1.251   -1.191
   -1.191   -1.188   -1.116   -1.116   -1.086   -1.086   -0.982   -0.982   -0.978   -0.901
   -0.829   -0.829   -0.787   -0.742   -0.681   -0.681   -0.553   -0.553   -0.539   -0.464
   -0.464   -0.366   -0.208   -0.137   -0.137   -0.008    0.012    0.012    0.030    0.030
    0.068    0.068    0.128    0.128    0.130    0.256    0.256    0.663    2.699    2.699
    2.797    2.797    2.800    2.800    2.813    2.813    2.834    2.837    2.837    2.854
    2.865    2.865    2.868    2.912    2.983    2.983    3.048    3.048    3.094    3.270
    3.270    3.347    3.358    3.360    3.373    3.373    3.404    3.404    3.421    3.431
    3.431    3.590    3.591    3.591    3.623    3.649    3.649    3.702    3.702    3.733
    3.783    3.783    3.791    3.791    4.237    4.360    4.360    4.482    4.516    4.516
            0.150000  0.086603  0.000000
  -60.254  -60.241  -60.238  -60.238  -60.234  -60.234  -60.232  -60.221  -60.221  -60.219
  -60.218  -60.218  -60.218  -60.218  -60.217  -60.217  -34.544  -34.544  -34.541  -34.485
  -34.485  -34.484  -34.484  -34.473  -34.473  -34.410  -34.390  -34.390  -34.381  -34.357
  -34.357  -34.354  -34.349  -34.349  -34.349  -34.349  -34.341  -34.341  -34.337  -34.332
  -34.332  -34.326  -34.316  -34.316  -34.314  -34.314  -34.310  -34.309  -34.309  -34.309
  -34.309  -34.305  -34.305  -34.272  -34.272  -34.268  -34.237  -34.234  -34.234  -34.224
  -34.224  -34.218  -34.191  -34.187  -13.394  -12.805  -12.692  -12.692  -12.483  -12.483
  -12.387  -12.099  -11.859  -11.813  -11.813  -11.746  -11.746  -11.729  -11.729  -11.691
  -11.607  -11.600  -11.600  -11.576  -11.576  -11.484  -11.484  -11.420  -11.420  -11.390
  -11.376  -11.376  -11.358  -11.358  -11.304  -11.304   -5.056   -5.056   -5.052   -4.909
   -4.478   -4.478   -4.453   -4.453   -4.427   -4.427   -4.383   -4.383   -4.378   -4.371
   -4.327   -4.327   -4.323   -4.323   -4.231   -4.231   -4.105   -4.105   -4.063   -4.003
   -4.003   -3.385   -3.385   -3.380   -3.221   -3.198   -3.198   -3.179   -3.095   -3.095
   -3.038   -3.038   -3.020   -3.020   -2.998   -2.996   -2.996   -2.982   -2.982   -2.749
   -2.749   -2.614   -2.614   -2.606   -2.550   -2.550   -2.511   -2.511   -2.496   -2.467
   -2.467   -2.455   -2.455   -2.104   -2.104   -2.021   -2.014   -2.000   -2.000   -1.954
   -1.954   -1.951   -1.824   -1.824   -1.651   -1.352   -1.272   -1.262   -1.262   -1.190
   -1.190   -1.186   -1.129   -1.129   -1.082   -1.082   -0.985   -0.985   -0.962   -0.906
   -0.818   -0.818   -0.799   -0.726   -0.679   -0.679   -0.540   -0.540   -0.529   -0.484
   -0.484   -0.369   -0.219   -0.143   -0.143   -0.014    0.004    0.004    0.037    0.037
    0.074    0.074    0.129    0.129    0.147    0.269    0.269    0.662    2.688    2.688
    2.790    2.790    2.797    2.797    2.814    2.814    2.835    2.835    2.838    2.853
    2.866    2.866    2.874    2.906    2.986    2.986    3.053    3.053    3.104    3.259
    3.259    3.342    3.345    3.355    3.372    3.372    3.390    3.390    3.427    3.430
    3.430    3.580    3.593    3.593    3.619    3.669    3.669    3.698    3.698    3.751
    3.785    3.785    3.799    3.799    4.221    4.359    4.359    4.478    4.519    4.519
            0.162500  0.093819  0.000000
  -60.254  -60.241  -60.239  -60.239  -60.234  -60.234  -60.232  -60.221  -60.221  -60.219
  -60.218  -60.218  -60.218  -60.218  -60.216  -60.216  -34.543  -34.543  -34.541  -34.486
  -34.486  -34.484  -34.484  -34.472  -34.472  -34.414  -34.392  -34.392  -34.380  -34.358
  -34.358  -34.354  -34.349  -34.349  -34.347  -34.347  -34.340  -34.340  -34.336  -34.332
  -34.332  -34.323  -34.314  -34.314  -34.314  -34.314  -34.310  -34.309  -34.309  -34.309
  -34.309  -34.305  -34.305  -34.272  -34.272  -34.268  -34.238  -34.235  -34.235  -34.224
  -34.224  -34.217  -34.191  -34.187  -13.391  -12.821  -12.699  -12.699  -12.472  -12.472
  -12.369  -12.097  -11.865  -11.816  -11.816  -11.759  -11.759  -11.724  -11.724  -11.684
  -11.613  -11.600  -11.600  -11.576  -11.576  -11.475  -11.475  -11.425  -11.425  -11.392
  -11.376  -11.376  -11.358  -11.358  -11.300  -11.300   -5.051   -5.051   -5.046   -4.905
   -4.485   -4.485   -4.454   -4.454   -4.441   -4.441   -4.388   -4.380   -4.378   -4.378
   -4.328   -4.328   -4.323   -4.323   -4.230   -4.230   -4.106   -4.106   -4.057   -3.982
   -3.982   -3.383   -3.383   -3.377   -3.224   -3.202   -3.200   -3.200   -3.089   -3.089
   -3.050   -3.050   -3.030   -3.030   -3.005   -3.005   -2.987   -2.987   -2.981   -2.737
   -2.737   -2.617   -2.617   -2.582   -2.549   -2.549   -2.511   -2.511   -2.493   -2.466
   -2.466   -2.460   -2.460   -2.082   -2.082   -2.029   -2.027   -2.019   -2.019   -1.947
   -1.928   -1.928   -1.829   -1.829   -1.634   -1.368   -1.293   -1.270   -1.270   -1.188
   -1.188   -1.184   -1.142   -1.142   -1.079   -1.079   -0.988   -0.988   -0.946   -0.912
   -0.810   -0.806   -0.806   -0.710   -0.677   -0.677   -0.527   -0.527   -0.519   -0.504
   -0.504   -0.373   -0.229   -0.149   -0.149   -0.021   -0.005   -0.005    0.044    0.044
    0.080    0.080    0.130    0.130    0.164    0.281    0.281    0.660    2.676    2.676
    2.784    2.784    2.794    2.794    2.815    2.815    2.832    2.832    2.842    2.852
    2.867    2.867    2.880    2.900    2.989    2.989    3.058    3.058    3.114    3.249
    3.249    3.332    3.337    3.350    3.372    3.372    3.376    3.376    3.429    3.429
    3.433    3.569    3.595    3.595    3.615    3.688    3.688    3.694    3.694    3.770
    3.788    3.788    3.808    3.808    4.205    4.358    4.358    4.474    4.522    4.522
            0.175000  0.101036  0.000000
  -60.254  -60.241  -60.239  -60.239  -60.234  -60.234  -60.232  -60.221  -60.221  -60.219
  -60.218  -60.218  -60.218  -60.218  -60.216  -60.216  -34.543  -34.543  -34.540  -34.487
  -34.487  -34.484  -34.484  -34.471  -34.471  -34.417  -34.394  -34.394  -34.380  -34.360
  -34.360  -34.355  -34.350  -34.350  -34.346  -34.346  -34.340  -34.340  -34.335  -34.331
  -34.331  -34.319  -34.314  -34.314  -34.313  -34.313  -34.310  -34.309  -34.309  -34.309
  -34.309  -34.305  -34.305  -34.273  -34.273  -34.268  -34.239  -34.236  -34.236  -34.224
  -34.224  -34.216  -34.192  -34.187  -13.387  -12.837  -12.705  -12.705  -12.461  -12.461
  -12.351  -12.096  -11.872  -11.818  -11.818  -11.772  -11.772  -11.720  -11.720  -11.676
  -11.619  -11.599  -11.599  -11.576  -11.576  -11.467  -11.467  -11.431  -11.431  -11.394
  -11.376  -11.376  -11.358  -11.358  -11.297  -11.297   -5.046   -5.046   -5.040   -4.900
   -4.493   -4.493   -4.454   -4.454   -4.453   -4.453   -4.398   -4.389   -4.372   -4.372
   -4.329   -4.329   -4.324   -4.324   -4.229   -4.229   -4.108   -4.108   -4.051   -3.961
   -3.961   -3.381   -3.381   -3.374   -3.225   -3.225   -3.202   -3.202   -3.084   -3.084
   -3.061   -3.061   -3.040   -3.040   -3.014   -3.014   -2.992   -2.992   -2.964   -2.724
   -2.724   -2.620   -2.620   -2.557   -2.549   -2.549   -2.511   -2.511   -2.490   -2.477
   -2.477   -2.452   -2.452   -2.059   -2.059   -2.041   -2.038   -2.037   -2.037   -1.943
   -1.902   -1.902   -1.834   -1.834   -1.618   -1.384   -1.314   -1.279   -1.279   -1.187
   -1.187   -1.181   -1.155   -1.155   -1.077   -1.077   -0.991   -0.991   -0.930   -0.918
   -0.821   -0.795   -0.795   -0.695   -0.675   -0.675   -0.525   -0.525   -0.514   -0.514
   -0.510   -0.377   -0.239   -0.154   -0.154   -0.028   -0.013   -0.013    0.051    0.051
    0.086    0.086    0.131    0.131    0.181    0.294    0.294    0.658    2.665    2.665
    2.777    2.777    2.791    2.791    2.817    2.817    2.828    2.828    2.847    2.851
    2.868    2.868    2.886    2.894    2.993    2.993    3.062    3.062    3.124    3.240
    3.240    3.319    3.331    3.344    3.362    3.362    3.372    3.372    3.428    3.428
    3.440    3.558    3.596    3.596    3.610    3.689    3.689    3.707    3.707    3.789
    3.790    3.790    3.818    3.818    4.189    4.358    4.358    4.469    4.524    4.524
            0.187500  0.108253  0.000000
  -60.254  -60.242  -60.239  -60.239  -60.234  -60.234  -60.231  -60.221  -60.221  -60.219
  -60.218  -60.218  -60.218  -60.218  -60.216  -60.216  -34.542  -34.542  -34.539  -34.488
  -34.488  -34.484  -34.484  -34.470  -34.470  -34.421  -34.396  -34.396  -34.380  -34.361
  -34.361  -34.356  -34.350  -34.350  -34.344  -34.344  -34.339  -34.339  -34.335  -34.330
  -34.330  -34.316  -34.315  -34.315  -34.311  -34.311  -34.310  -34.309  -34.309  -34.309
  -34.309  -34.304  -34.304  -34.274  -34.274  -34.267  -34.240  -34.237  -34.237  -34.224
  -34.224  -34.215  -34.193  -34.187  -13.383  -12.853  -12.711  -12.711  -12.450  -12.450
  -12.333  -12.094  -11.878  -11.820  -11.820  -11.785  -11.785  -11.715  -11.715  -11.669
  -11.626  -11.599  -11.599  -11.577  -11.577  -11.459  -11.459  -11.437  -11.437  -11.397
  -11.376  -11.376  -11.358  -11.358  -11.293  -11.293   -5.040   -5.040   -5.034   -4.895
   -4.502   -4.502   -4.466   -4.466   -4.454   -4.454   -4.408   -4.398   -4.367   -4.367
   -4.331   -4.331   -4.324   -4.324   -4.227   -4.227   -4.109   -4.109   -4.044   -3.940
   -3.940   -3.378   -3.378   -3.371   -3.247   -3.227   -3.203   -3.203   -3.079   -3.079
   -3.073   -3.073   -3.050   -3.050   -3.023   -3.023   -2.997   -2.997   -2.946   -2.711
   -2.711   -2.622   -2.622   -2.548   -2.548   -2.533   -2.511   -2.511   -2.487   -2.487
   -2.487   -2.444   -2.444   -2.057   -2.057   -2.054   -2.047   -2.034   -2.034   -1.939
   -1.876   -1.876   -1.840   -1.840   -1.602   -1.399   -1.336   -1.287   -1.287   -1.185
   -1.185   -1.179   -1.168   -1.168   -1.075   -1.075   -0.994   -0.994   -0.925   -0.914
   -0.832   -0.784   -0.784   -0.679   -0.673   -0.673   -0.547   -0.547   -0.501   -0.500
   -0.500   -0.381   -0.248   -0.160   -0.160   -0.035   -0.021   -0.021    0.057    0.057
    0.092    0.092    0.132    0.132    0.197    0.306    0.306    0.656    2.653    2.653
    2.770    2.770    2.788    2.788    2.819    2.819    2.823    2.823    2.850    2.852
    2.869    2.869    2.889    2.893    2.997    2.997    3.067    3.067    3.134    3.232
    3.232    3.307    3.325    3.338    3.348    3.348    3.372    3.372    3.427    3.427
    3.448    3.546    3.597    3.597    3.605    3.685    3.685    3.725    3.725    3.792
    3.792    3.808    3.828    3.828    4.172    4.358    4.358    4.465    4.526    4.526
            0.200000  0.115470  0.000000
  -60.254  -60.242  -60.239  -60.239  -60.233  -60.233  -60.231  -60.222  -60.222  -60.219
  -60.218  -60.218  -60.218  -60.218  -60.216  -60.216  -34.541  -34.541  -34.538  -34.489
  -34.489  -34.484  -34.484  -34.469  -34.469  -34.424  -34.398  -34.398  -34.380  -34.362
  -34.362  -34.357  -34.350  -34.350  -34.343  -34.343  -34.339  -34.339  -34.334  -34.329
  -34.329  -34.315  -34.315  -34.312  -34.311  -34.309  -34.309  -34.309  -34.309  -34.309
  -34.309  -34.304  -34.304  -34.274  -34.274  -34.267  -34.240  -34.238  -34.238  -34.224
  -34.224  -34.214  -34.194  -34.187  -13.378  -12.869  -12.716  -12.716  -12.438  -12.438
  -12.315  -12.092  -11.885  -11.823  -11.823  -11.798  -11.798  -11.711  -11.711  -11.662
  -11.633  -11.599  -11.599  -11.577  -11.577  -11.452  -11.452  -11.442  -11.442  -11.399
  -11.375  -11.375  -11.358  -11.358  -11.290  -11.290   -5.034   -5.034   -5.027   -4.890
   -4.511   -4.511   -4.478   -4.478   -4.453   -4.453   -4.420   -4.408   -4.361   -4.361
   -4.332   -4.332   -4.325   -4.325   -4.226   -4.226   -4.111   -4.111   -4.037   -3.919
   -3.919   -3.376   -3.376   -3.368   -3.270   -3.228   -3.204   -3.204   -3.085   -3.085
   -3.074   -3.074   -3.060   -3.060   -3.034   -3.034   -3.003   -3.003   -2.928   -2.699
   -2.699   -2.624   -2.624   -2.547   -2.547   -2.511   -2.511   -2.508   -2.496   -2.496
   -2.483   -2.436   -2.436   -2.076   -2.076   -2.068   -2.057   -2.010   -2.010   -1.934
   -1.850   -1.850   -1.847   -1.847   -1.586   -1.415   -1.358   -1.295   -1.295   -1.183
   -1.183   -1.180   -1.180   -1.176   -1.074   -1.074   -0.997   -0.997   -0.932   -0.899
   -0.843   -0.774   -0.774   -0.670   -0.670   -0.664   -0.570   -0.570   -0.492   -0.487
   -0.487   -0.385   -0.257   -0.164   -0.164   -0.042   -0.029   -0.029    0.064    0.064
    0.097    0.097    0.133    0.133    0.214    0.318    0.318    0.654    2.641    2.641
    2.762    2.762    2.785    2.785    2.817    2.817    2.820    2.820    2.848    2.857
    2.870    2.870    2.884    2.900    3.001    3.001    3.071    3.071    3.145    3.224
    3.224    3.296    3.319    3.331    3.334    3.334    3.372    3.372    3.426    3.426
    3.456    3.534    3.598    3.598    3.600    3.680    3.680    3.743    3.743    3.794
    3.794    3.827    3.839    3.839    4.156    4.358    4.358    4.460    4.527    4.527
            0.212500  0.122687  0.000000
  -60.254  -60.242  -60.239  -60.239  -60.233  -60.233  -60.231  -60.222  -60.222  -60.219
  -60.218  -60.218  -60.218  -60.218  -60.216  -60.216  -34.541  -34.541  -34.537  -34.490
  -34.490  -34.484  -34.484  -34.468  -34.468  -34.427  -34.400  -34.400  -34.380  -34.364
  -34.364  -34.357  -34.350  -34.350  -34.342  -34.342  -34.338  -34.338  -34.333  -34.328
  -34.328  -34.316  -34.316  -34.311  -34.309  -34.309  -34.309  -34.309  -34.309  -34.307
  -34.307  -34.304  -34.304  -34.275  -34.275  -34.267  -34.241  -34.239  -34.239  -34.224
  -34.224  -34.214  -34.196  -34.188  -13.374  -12.884  -12.722  -12.722  -12.427  -12.427
  -12.297  -12.090  -11.891  -11.825  -11.825  -11.812  -11.812  -11.706  -11.706  -11.655
  -11.640  -11.598  -11.598  -11.577  -11.577  -11.448  -11.448  -11.445  -11.445  -11.402
  -11.375  -11.375  -11.359  -11.359  -11.287  -11.287   -5.028   -5.028   -5.020   -4.885
   -4.520   -4.520   -4.489   -4.489   -4.453   -4.453   -4.431   -4.418   -4.355   -4.355
   -4.334   -4.334   -4.326   -4.326   -4.224   -4.224   -4.113   -4.113   -4.029   -3.897
   -3.897   -3.373   -3.373   -3.364   -3.292   -3.230   -3.205   -3.205   -3.096   -3.096
   -3.070   -3.070   -3.069   -3.069   -3.044   -3.044   -3.008   -3.008   -2.909   -2.686
   -2.686   -2.625   -2.625   -2.546   -2.546   -2.511   -2.511   -2.504   -2.504   -2.484
   -2.480   -2.428   -2.428   -2.096   -2.096   -2.081   -2.068   -1.984   -1.984   -1.929
   -1.854   -1.854   -1.824   -1.824   -1.570   -1.430   -1.380   -1.303   -1.303   -1.192
   -1.192   -1.182   -1.182   -1.174   -1.074   -1.074   -1.001   -1.001   -0.940   -0.883
   -0.854   -0.764   -0.764   -0.667   -0.667   -0.648   -0.594   -0.594   -0.483   -0.473
   -0.473   -0.390   -0.265   -0.169   -0.169   -0.050   -0.037   -0.037    0.070    0.070
    0.102    0.102    0.134    0.134    0.231    0.330    0.330    0.651    2.629    2.629
    2.755    2.755    2.782    2.782    2.811    2.811    2.822    2.822    2.847    2.864
    2.870    2.870    2.879    2.907    3.006    3.006    3.075    3.075    3.155    3.217
    3.217    3.285    3.312    3.320    3.320    3.325    3.372    3.372    3.425    3.425
    3.464    3.521    3.595    3.598    3.598    3.676    3.676    3.761    3.761    3.796
    3.796    3.845    3.850    3.850    4.139    4.358    4.358    4.454    4.528    4.528
            0.225000  0.129904  0.000000
  -60.253  -60.243  -60.239  -60.239  -60.233  -60.233  -60.230  -60.222  -60.222  -60.220
  -60.218  -60.218  -60.218  -60.218  -60.216  -60.216  -34.540  -34.540  -34.535  -34.491
  -34.491  -34.484  -34.484  -34.467  -34.467  -34.431  -34.401  -34.401  -34.379  -34.365
  -34.365  -34.358  -34.350  -34.350  -34.340  -34.340  -34.338  -34.338  -34.333  -34.327
  -34.327  -34.316  -34.316  -34.311  -34.309  -34.309  -34.309  -34.309  -34.306  -34.305
  -34.305  -34.304  -34.304  -34.275  -34.275  -34.267  -34.242  -34.240  -34.240  -34.224
  -34.224  -34.213  -34.197  -34.188  -13.369  -12.900  -12.727  -12.727  -12.415  -12.415
  -12.279  -12.088  -11.897  -11.827  -11.827  -11.825  -11.825  -11.701  -11.701  -11.648
  -11.648  -11.598  -11.598  -11.578  -11.578  -11.454  -11.454  -11.438  -11.438  -11.405
  -11.375  -11.375  -11.359  -11.359  -11.284  -11.284   -5.021   -5.021   -5.012   -4.879
   -4.530   -4.530   -4.500   -4.500   -4.452   -4.452   -4.443   -4.428   -4.350   -4.350
   -4.336   -4.336   -4.326   -4.326   -4.223   -4.223   -4.115   -4.115   -4.021   -3.875
   -3.875   -3.371   -3.371   -3.361   -3.314   -3.231   -3.206   -3.206   -3.108   -3.108
   -3.081   -3.081   -3.064   -3.064   -3.055   -3.055   -3.014   -3.014   -2.891   -2.674
   -2.674   -2.626   -2.626   -2.545   -2.545   -2.511   -2.511   -2.511   -2.511   -2.476
   -2.459   -2.421   -2.421   -2.116   -2.116   -2.094   -2.079   -1.957   -1.957   -1.924
   -1.862   -1.862   -1.799   -1.799   -1.553   -1.445   -1.403   -1.311   -1.311   -1.204
   -1.204   -1.180   -1.180   -1.171   -1.074   -1.074   -1.004   -1.004   -0.948   -0.868
   -0.865   -0.754   -0.754   -0.664   -0.664   -0.634   -0.619   -0.619   -0.475   -0.459
   -0.459   -0.395   -0.272   -0.173   -0.173   -0.059   -0.044   -0.044    0.076    0.076
    0.107    0.107    0.136    0.136    0.247    0.342    0.342    0.649    2.618    2.618
    2.748    2.748    2.779    2.779    2.804    2.804    2.824    2.824    2.846    2.870
    2.871    2.871    2.874    2.914    3.010    3.010    3.079    3.079    3.166    3.211
    3.211    3.274    3.305    3.306    3.306    3.318    3.371    3.371    3.423    3.423
    3.473    3.507    3.589    3.599    3.599    3.672    3.672    3.779    3.779    3.798
    3.798    3.862    3.862    3.864    4.123    4.359    4.359    4.448    4.528    4.528
            0.237500  0.137121  0.000000
  -60.253  -60.243  -60.239  -60.239  -60.233  -60.233  -60.230  -60.222  -60.222  -60.220
  -60.218  -60.218  -60.218  -60.218  -60.216  -60.216  -34.539  -34.539  -34.534  -34.492
  -34.492  -34.484  -34.484  -34.466  -34.466  -34.434  -34.403  -34.403  -34.379  -34.366
  -34.366  -34.359  -34.351  -34.351  -34.339  -34.339  -34.337  -34.337  -34.332  -34.325
  -34.325  -34.317  -34.317  -34.311  -34.309  -34.309  -34.309  -34.309  -34.303  -34.303
  -34.303  -34.303  -34.302  -34.276  -34.276  -34.266  -34.243  -34.241  -34.241  -34.224
  -34.224  -34.212  -34.198  -34.188  -13.363  -12.915  -12.732  -12.732  -12.403  -12.403
  -12.261  -12.086  -11.903  -11.839  -11.839  -11.829  -11.829  -11.696  -11.696  -11.656
  -11.641  -11.598  -11.598  -11.578  -11.578  -11.460  -11.460  -11.431  -11.431  -11.408
  -11.375  -11.375  -11.359  -11.359  -11.281  -11.281   -5.014   -5.014   -5.004   -4.873
   -4.540   -4.540   -4.511   -4.511   -4.456   -4.451   -4.451   -4.439   -4.344   -4.344
   -4.338   -4.338   -4.327   -4.327   -4.221   -4.221   -4.117   -4.117   -4.013   -3.854
   -3.854   -3.368   -3.368   -3.357   -3.336   -3.231   -3.206   -3.206   -3.120   -3.120
   -3.091   -3.091   -3.066   -3.066   -3.059   -3.059   -3.020   -3.020   -2.871   -2.661
   -2.661   -2.627   -2.627   -2.544   -2.544   -2.518   -2.518   -2.511   -2.511   -2.471
   -2.435   -2.413   -2.413   -2.136   -2.136   -2.106   -2.091   -1.930   -1.930   -1.918
   -1.870   -1.870   -1.773   -1.773   -1.537   -1.461   -1.425   -1.318   -1.318   -1.216
   -1.216   -1.177   -1.177   -1.168   -1.076   -1.076   -1.008   -1.008   -0.956   -0.875
   -0.853   -0.744   -0.744   -0.661   -0.661   -0.644   -0.644   -0.619   -0.468   -0.446
   -0.446   -0.400   -0.278   -0.177   -0.177   -0.067   -0.051   -0.051    0.082    0.082
    0.112    0.112    0.137    0.137    0.263    0.354    0.354    0.646    2.606    2.606
    2.741    2.741    2.777    2.777    2.797    2.797    2.826    2.826    2.844    2.870
    2.872    2.872    2.878    2.921    3.015    3.015    3.083    3.083    3.177    3.205
    3.205    3.264    3.292    3.292    3.298    3.311    3.371    3.371    3.422    3.422
    3.482    3.493    3.583    3.599    3.599    3.667    3.667    3.796    3.796    3.800
    3.800    3.875    3.875    3.883    4.106    4.359    4.359    4.442    4.528    4.528
            0.250000  0.144338  0.000000
  -60.253  -60.243  -60.239  -60.239  -60.232  -60.232  -60.230  -60.223  -60.223  -60.220
  -60.218  -60.218  -60.218  -60.218  -60.216  -60.216  -34.539  -34.539  -34.533  -34.493
  -34.493  -34.484  -34.484  -34.465  -34.465  -34.437  -34.405  -34.405  -34.379  -34.367
  -34.367  -34.359  -34.351  -34.351  -34.338  -34.338  -34.337  -34.337  -34.331  -34.324
  -34.324  -34.317  -34.317  -34.312  -34.309  -34.309  -34.309  -34.309  -34.303  -34.303
  -34.302  -34.302  -34.299  -34.277  -34.277  -34.266  -34.243  -34.242  -34.242  -34.224
  -34.224  -34.211  -34.200  -34.189  -13.358  -12.930  -12.736  -12.736  -12.391  -12.391
  -12.243  -12.084  -11.910  -11.852  -11.852  -11.831  -11.831  -11.691  -11.691  -11.665
  -11.634  -11.597  -11.597  -11.578  -11.578  -11.465  -11.465  -11.425  -11.425  -11.411
  -11.374  -11.374  -11.359  -11.359  -11.278  -11.278   -5.006   -5.006   -4.995   -4.867
   -4.550   -4.550   -4.521   -4.521   -4.469   -4.450   -4.450   -4.449   -4.340   -4.340
   -4.338   -4.338   -4.327   -4.327   -4.219   -4.219   -4.119   -4.119   -4.004   -3.832
   -3.832   -3.365   -3.365   -3.358   -3.353   -3.232   -3.206   -3.206   -3.132   -3.132
   -3.101   -3.101   -3.077   -3.077   -3.055   -3.055   -3.026   -3.026   -2.852   -2.649
   -2.649   -2.627   -2.627   -2.543   -2.543   -2.524   -2.524   -2.511   -2.511   -2.467
   -2.410   -2.406   -2.406   -2.157   -2.157   -2.119   -2.103   -1.913   -1.902   -1.902
   -1.878   -1.878   -1.747   -1.747   -1.521   -1.476   -1.448   -1.325   -1.325   -1.228
   -1.228   -1.175   -1.175   -1.164   -1.078   -1.078   -1.012   -1.012   -0.965   -0.886
   -0.837   -0.735   -0.735   -0.670   -0.670   -0.658   -0.658   -0.605   -0.460   -0.432
   -0.432   -0.405   -0.284   -0.180   -0.180   -0.076   -0.058   -0.058    0.088    0.088
    0.117    0.117    0.138    0.138    0.279    0.365    0.365    0.643    2.595    2.595
    2.734    2.734    2.774    2.774    2.790    2.790    2.827    2.827    2.843    2.865
    2.873    2.873    2.885    2.929    3.020    3.020    3.086    3.086    3.188    3.200
    3.200    3.254    3.279    3.279    3.291    3.304    3.371    3.371    3.420    3.420
    3.479    3.492    3.577    3.599    3.599    3.663    3.663    3.802    3.802    3.813
    3.813    3.888    3.888    3.901    4.089    4.360    4.360    4.436    4.526    4.526
            0.262500  0.151554  0.000000
  -60.253  -60.244  -60.239  -60.239  -60.232  -60.232  -60.229  -60.223  -60.223  -60.220
  -60.218  -60.218  -60.218  -60.218  -60.216  -60.216  -34.538  -34.538  -34.532  -34.494
  -34.494  -34.484  -34.484  -34.464  -34.464  -34.440  -34.407  -34.407  -34.379  -34.368
  -34.368  -34.360  -34.351  -34.351  -34.337  -34.337  -34.336  -34.336  -34.331  -34.323
  -34.323  -34.318  -34.318  -34.312  -34.309  -34.309  -34.309  -34.309  -34.303  -34.303
  -34.300  -34.300  -34.296  -34.278  -34.278  -34.266  -34.244  -34.243  -34.243  -34.224
  -34.224  -34.211  -34.201  -34.189  -13.352  -12.945  -12.741  -12.741  -12.379  -12.379
  -12.225  -12.082  -11.916  -11.866  -11.866  -11.832  -11.832  -11.686  -11.686  -11.674
  -11.627  -11.597  -11.597  -11.579  -11.579  -11.471  -11.471  -11.419  -11.419  -11.414
  -11.374  -11.374  -11.360  -11.360  -11.275  -11.275   -4.999   -4.999   -4.986   -4.860
   -4.561   -4.561   -4.530   -4.530   -4.482   -4.461   -4.449   -4.449   -4.342   -4.342
   -4.333   -4.333   -4.328   -4.328   -4.217   -4.217   -4.121   -4.121   -3.995   -3.810
   -3.810   -3.379   -3.361   -3.361   -3.349   -3.233   -3.206   -3.206   -3.144   -3.144
   -3.111   -3.111   -3.089   -3.089   -3.050   -3.050   -3.032   -3.032   -2.832   -2.637
   -2.637   -2.627   -2.627   -2.541   -2.541   -2.529   -2.529   -2.511   -2.511   -2.462
   -2.398   -2.398   -2.385   -2.177   -2.177   -2.131   -2.116   -1.906   -1.887   -1.887
   -1.874   -1.874   -1.722   -1.722   -1.504   -1.490   -1.471   -1.332   -1.332   -1.239
   -1.239   -1.173   -1.173   -1.161   -1.081   -1.081   -1.016   -1.016   -0.974   -0.896
   -0.822   -0.726   -0.726   -0.696   -0.696   -0.655   -0.655   -0.591   -0.454   -0.419
   -0.419   -0.411   -0.289   -0.183   -0.183   -0.085   -0.065   -0.065    0.093    0.093
    0.121    0.121    0.139    0.139    0.294    0.376    0.376    0.640    2.584    2.584
    2.727    2.727    2.771    2.771    2.782    2.782    2.829    2.829    2.842    2.861
    2.874    2.874    2.894    2.937    3.025    3.025    3.090    3.090    3.195    3.195
    3.198    3.245    3.265    3.265    3.283    3.297    3.371    3.371    3.419    3.419
    3.464    3.502    3.570    3.599    3.599    3.659    3.659    3.804    3.804    3.829
    3.829    3.902    3.902    3.920    4.073    4.361    4.361    4.429    4.523    4.523
            0.275000  0.158771  0.000000
  -60.253  -60.244  -60.239  -60.239  -60.232  -60.232  -60.229  -60.223  -60.223  -60.220
  -60.218  -60.218  -60.218  -60.218  -60.215  -60.215  -34.537  -34.537  -34.530  -34.495
  -34.495  -34.485  -34.485  -34.463  -34.463  -34.443  -34.409  -34.409  -34.378  -34.369
  -34.369  -34.361  -34.351  -34.351  -34.336  -34.336  -34.335  -34.335  -34.330  -34.322
  -34.322  -34.318  -34.318  -34.312  -34.309  -34.309  -34.309  -34.309  -34.303  -34.303
  -34.298  -34.298  -34.292  -34.279  -34.279  -34.265  -34.245  -34.244  -34.244  -34.224
  -34.224  -34.210  -34.202  -34.189  -13.346  -12.960  -12.745  -12.745  -12.367  -12.367
  -12.207  -12.079  -11.922  -11.880  -11.880  -11.834  -11.834  -11.683  -11.681  -11.681
  -11.620  -11.597  -11.597  -11.579  -11.579  -11.477  -11.477  -11.418  -11.413  -11.413
  -11.374  -11.374  -11.360  -11.360  -11.272  -11.272   -4.990   -4.990   -4.977   -4.853
   -4.572   -4.572   -4.540   -4.540   -4.496   -4.472   -4.447   -4.447   -4.345   -4.345
   -4.328   -4.328   -4.327   -4.327   -4.215   -4.215   -4.123   -4.123   -3.985   -3.789
   -3.789   -3.400   -3.358   -3.358   -3.345   -3.234   -3.205   -3.205   -3.156   -3.156
   -3.121   -3.121   -3.100   -3.100   -3.046   -3.046   -3.038   -3.038   -2.812   -2.626
   -2.626   -2.624   -2.624   -2.540   -2.540   -2.534   -2.534   -2.511   -2.511   -2.457
   -2.391   -2.391   -2.361   -2.198   -2.198   -2.144   -2.130   -1.900   -1.896   -1.896
   -1.845   -1.845   -1.696   -1.696   -1.505   -1.494   -1.488   -1.339   -1.339   -1.249
   -1.249   -1.170   -1.170   -1.157   -1.084   -1.084   -1.020   -1.020   -0.984   -0.906
   -0.808   -0.723   -0.723   -0.717   -0.717   -0.651   -0.651   -0.578   -0.447   -0.417
   -0.406   -0.406   -0.294   -0.185   -0.185   -0.095   -0.072   -0.072    0.098    0.098
    0.125    0.125    0.140    0.140    0.310    0.387    0.387    0.636    2.573    2.573
    2.720    2.720    2.769    2.769    2.774    2.774    2.831    2.831    2.840    2.858
    2.874    2.874    2.903    2.944    3.030    3.030    3.093    3.093    3.190    3.190
    3.209    3.237    3.252    3.252    3.275    3.290    3.372    3.372    3.417    3.417
    3.448    3.513    3.563    3.599    3.599    3.655    3.655    3.805    3.805    3.844
    3.844    3.916    3.916    3.938    4.056    4.362    4.362    4.422    4.518    4.518
            0.287500  0.165988  0.000000
  -60.253  -60.244  -60.240  -60.240  -60.232  -60.232  -60.229  -60.223  -60.223  -60.220
  -60.218  -60.218  -60.218  -60.218  -60.215  -60.215  -34.536  -34.536  -34.529  -34.497
  -34.497  -34.485  -34.485  -34.462  -34.462  -34.447  -34.411  -34.411  -34.378  -34.370
  -34.370  -34.361  -34.351  -34.351  -34.336  -34.336  -34.334  -34.334  -34.329  -34.321
  -34.321  -34.319  -34.319  -34.312  -34.309  -34.309  -34.309  -34.309  -34.303  -34.303
  -34.296  -34.296  -34.289  -34.279  -34.279  -34.265  -34.246  -34.245  -34.245  -34.224
  -34.224  -34.209  -34.204  -34.190  -13.340  -12.974  -12.749  -12.749  -12.355  -12.355
  -12.190  -12.077  -11.928  -11.893  -11.893  -11.836  -11.836  -11.693  -11.676  -11.676
  -11.613  -11.596  -11.596  -11.580  -11.580  -11.483  -11.483  -11.422  -11.407  -11.407
  -11.373  -11.373  -11.360  -11.360  -11.270  -11.270   -4.982   -4.982   -4.967   -4.846
   -4.583   -4.583   -4.548   -4.548   -4.509   -4.484   -4.445   -4.445   -4.347   -4.347
   -4.329   -4.329   -4.322   -4.322   -4.213   -4.213   -4.126   -4.126   -3.975   -3.767
   -3.767   -3.421   -3.354   -3.354   -3.341   -3.235   -3.204   -3.204   -3.169   -3.169
   -3.130   -3.130   -3.112   -3.112   -3.045   -3.045   -3.042   -3.042   -2.792   -2.624
   -2.624   -2.613   -2.613   -2.539   -2.539   -2.538   -2.538   -2.511   -2.511   -2.452
   -2.384   -2.384   -2.336   -2.218   -2.218   -2.156   -2.143   -1.905   -1.905   -1.893
   -1.815   -1.815   -1.671   -1.671   -1.520   -1.517   -1.472   -1.345   -1.345   -1.260
   -1.260   -1.168   -1.168   -1.153   -1.089   -1.089   -1.025   -1.025   -0.994   -0.916
   -0.793   -0.751   -0.751   -0.709   -0.709   -0.648   -0.648   -0.565   -0.441   -0.423
   -0.394   -0.394   -0.298   -0.187   -0.187   -0.104   -0.078   -0.078    0.103    0.103
    0.129    0.129    0.142    0.142    0.325    0.398    0.398    0.633    2.562    2.562
    2.713    2.713    2.766    2.766    2.767    2.767    2.833    2.833    2.839    2.854
    2.875    2.875    2.912    2.953    3.036    3.036    3.096    3.096    3.186    3.186
    3.220    3.229    3.240    3.240    3.267    3.283    3.372    3.372    3.416    3.416
    3.432    3.524    3.556    3.598    3.598    3.651    3.651    3.807    3.807    3.859
    3.859    3.931    3.931    3.956    4.039    4.364    4.364    4.414    4.512    4.512
            0.300000  0.173205  0.000000
  -60.253  -60.245  -60.240  -60.240  -60.231  -60.231  -60.228  -60.224  -60.224  -60.220
  -60.218  -60.218  -60.218  -60.218  -60.215  -60.215  -34.536  -34.536  -34.527  -34.498
  -34.498  -34.485  -34.485  -34.461  -34.461  -34.450  -34.412  -34.412  -34.378  -34.371
  -34.371  -34.362  -34.352  -34.352  -34.335  -34.335  -34.333  -34.333  -34.329  -34.319
  -34.319  -34.319  -34.319  -34.313  -34.309  -34.309  -34.309  -34.309  -34.303  -34.303
  -34.294  -34.294  -34.286  -34.280  -34.280  -34.265  -34.246  -34.246  -34.246  -34.224
  -34.224  -34.208  -34.206  -34.190  -13.333  -12.989  -12.753  -12.753  -12.342  -12.342
  -12.172  -12.074  -11.933  -11.907  -11.907  -11.837  -11.837  -11.703  -11.671  -11.671
  -11.606  -11.596  -11.596  -11.580  -11.580  -11.489  -11.489  -11.425  -11.402  -11.402
  -11.373  -11.373  -11.361  -11.361  -11.268  -11.268   -4.973   -4.973   -4.957   -4.839
   -4.595   -4.595   -4.556   -4.556   -4.524   -4.495   -4.444   -4.444   -4.350   -4.350
   -4.329   -4.329   -4.316   -4.316   -4.211   -4.211   -4.128   -4.128   -3.965   -3.745
   -3.745   -3.442   -3.351   -3.351   -3.337   -3.236   -3.203   -3.203   -3.182   -3.182
   -3.140   -3.140   -3.123   -3.123   -3.051   -3.051   -3.037   -3.037   -2.772   -2.622
   -2.622   -2.601   -2.601   -2.542   -2.542   -2.538   -2.538   -2.511   -2.511   -2.447
   -2.377   -2.377   -2.312   -2.238   -2.238   -2.168   -2.158   -1.914   -1.914   -1.887
   -1.786   -1.786   -1.646   -1.646   -1.540   -1.534   -1.456   -1.352   -1.352   -1.270
   -1.270   -1.165   -1.165   -1.149   -1.094   -1.094   -1.029   -1.029   -1.004   -0.926
   -0.779   -0.779   -0.778   -0.701   -0.701   -0.645   -0.645   -0.552   -0.435   -0.430
   -0.382   -0.382   -0.301   -0.188   -0.188   -0.114   -0.084   -0.084    0.108    0.108
    0.132    0.132    0.143    0.143    0.340    0.408    0.408    0.629    2.552    2.552
    2.707    2.707    2.757    2.757    2.765    2.765    2.836    2.836    2.838    2.851
    2.875    2.875    2.922    2.961    3.041    3.041    3.099    3.099    3.182    3.182
    3.222    3.228    3.228    3.231    3.258    3.276    3.372    3.372    3.414    3.414
    3.416    3.535    3.549    3.598    3.598    3.647    3.647    3.808    3.808    3.873
    3.873    3.946    3.946    3.974    4.022    4.365    4.365    4.406    4.504    4.504
            0.312500  0.180422  0.000000
  -60.252  -60.245  -60.240  -60.240  -60.231  -60.231  -60.228  -60.224  -60.224  -60.221
  -60.218  -60.218  -60.218  -60.218  -60.215  -60.215  -34.535  -34.535  -34.526  -34.499
  -34.499  -34.485  -34.485  -34.460  -34.460  -34.453  -34.414  -34.414  -34.377  -34.372
  -34.372  -34.362  -34.352  -34.352  -34.335  -34.335  -34.332  -34.332  -34.328  -34.320
  -34.320  -34.318  -34.318  -34.313  -34.309  -34.309  -34.309  -34.309  -34.302  -34.302
  -34.293  -34.293  -34.283  -34.281  -34.281  -34.264  -34.247  -34.247  -34.247  -34.224
  -34.224  -34.208  -34.207  -34.190  -13.326  -13.003  -12.757  -12.757  -12.330  -12.330
  -12.155  -12.071  -11.939  -11.921  -11.921  -11.839  -11.839  -11.714  -11.666  -11.666
  -11.599  -11.595  -11.595  -11.580  -11.580  -11.495  -11.495  -11.429  -11.397  -11.397
  -11.373  -11.373  -11.361  -11.361  -11.265  -11.265   -4.964   -4.964   -4.947   -4.831
   -4.607   -4.607   -4.564   -4.564   -4.538   -4.507   -4.442   -4.442   -4.352   -4.352
   -4.330   -4.330   -4.311   -4.311   -4.209   -4.209   -4.131   -4.131   -3.954   -3.724
   -3.724   -3.463   -3.347   -3.347   -3.332   -3.237   -3.201   -3.201   -3.194   -3.194
   -3.150   -3.150   -3.134   -3.134   -3.057   -3.057   -3.034   -3.034   -2.751   -2.620
   -2.620   -2.589   -2.589   -2.545   -2.545   -2.537   -2.537   -2.512   -2.512   -2.442
   -2.371   -2.371   -2.287   -2.258   -2.258   -2.179   -2.173   -1.923   -1.923   -1.879
   -1.755   -1.755   -1.621   -1.621   -1.563   -1.548   -1.440   -1.357   -1.357   -1.279
   -1.279   -1.162   -1.162   -1.145   -1.101   -1.101   -1.034   -1.034   -1.014   -0.936
   -0.807   -0.807   -0.764   -0.694   -0.694   -0.642   -0.642   -0.540   -0.437   -0.430
   -0.370   -0.370   -0.303   -0.189   -0.189   -0.123   -0.090   -0.090    0.112    0.112
    0.136    0.136    0.144    0.144    0.354    0.418    0.418    0.625    2.542    2.542
    2.701    2.701    2.749    2.749    2.762    2.762    2.836    2.838    2.838    2.848
    2.876    2.876    2.932    2.969    3.046    3.046    3.101    3.101    3.178    3.178
    3.216    3.216    3.216    3.242    3.250    3.269    3.372    3.372    3.400    3.412
    3.412    3.541    3.547    3.597    3.597    3.643    3.643    3.809    3.809    3.887
    3.887    3.962    3.962    3.992    4.005    4.366    4.366    4.398    4.495    4.495
            0.325000  0.187639  0.000000
  -60.252  -60.245  -60.240  -60.240  -60.231  -60.231  -60.228  -60.224  -60.224  -60.221
  -60.218  -60.218  -60.218  -60.218  -60.215  -60.215  -34.534  -34.534  -34.524  -34.500
  -34.500  -34.485  -34.485  -34.459  -34.459  -34.456  -34.416  -34.416  -34.377  -34.373
  -34.373  -34.363  -34.352  -34.352  -34.334  -34.334  -34.331  -34.331  -34.327  -34.320
  -34.320  -34.317  -34.317  -34.313  -34.309  -34.309  -34.309  -34.309  -34.302  -34.302
  -34.291  -34.291  -34.282  -34.282  -34.280  -34.264  -34.248  -34.248  -34.248  -34.224
  -34.224  -34.209  -34.207  -34.191  -13.319  -13.017  -12.760  -12.760  -12.317  -12.317
  -12.137  -12.068  -11.945  -11.935  -11.935  -11.840  -11.840  -11.724  -11.661  -11.661
  -11.595  -11.595  -11.592  -11.581  -11.581  -11.501  -11.501  -11.433  -11.392  -11.392
  -11.372  -11.372  -11.361  -11.361  -11.263  -11.263   -4.955   -4.955   -4.936   -4.823
   -4.619   -4.619   -4.571   -4.571   -4.552   -4.519   -4.440   -4.440   -4.355   -4.355
   -4.330   -4.330   -4.306   -4.305   -4.207   -4.207   -4.133   -4.133   -3.942   -3.702
   -3.702   -3.484   -3.343   -3.343   -3.328   -3.238   -3.207   -3.207   -3.200   -3.200
   -3.159   -3.159   -3.144   -3.144   -3.064   -3.064   -3.030   -3.030   -2.730   -2.617
   -2.617   -2.578   -2.578   -2.548   -2.548   -2.536   -2.536   -2.512   -2.512   -2.436
   -2.365   -2.365   -2.278   -2.278   -2.263   -2.191   -2.188   -1.933   -1.933   -1.872
   -1.725   -1.725   -1.597   -1.597   -1.587   -1.562   -1.424   -1.363   -1.363   -1.289
   -1.289   -1.159   -1.159   -1.141   -1.108   -1.108   -1.038   -1.038   -1.025   -0.945
   -0.836   -0.836   -0.750   -0.687   -0.687   -0.639   -0.639   -0.528   -0.444   -0.426
   -0.359   -0.359   -0.305   -0.190   -0.190   -0.133   -0.096   -0.096    0.116    0.116
    0.139    0.139    0.145    0.145    0.368    0.427    0.427    0.620    2.532    2.532
    2.696    2.696    2.741    2.741    2.761    2.761    2.835    2.840    2.840    2.845
    2.876    2.876    2.943    2.978    3.051    3.051    3.103    3.103    3.174    3.174
    3.205    3.205    3.210    3.241    3.253    3.262    3.373    3.373    3.383    3.411
    3.411    3.534    3.559    3.597    3.597    3.639    3.639    3.810    3.810    3.900
    3.900    3.978    3.978    3.989    4.009    4.367    4.367    4.389    4.484    4.484
            0.337500  0.194856  0.000000
  -60.252  -60.246  -60.240  -60.240  -60.231  -60.231  -60.227  -60.224  -60.224  -60.221
  -60.218  -60.218  -60.218  -60.218  -60.215  -60.215  -34.533  -34.533  -34.522  -34.502
  -34.502  -34.485  -34.485  -34.459  -34.457  -34.457  -34.418  -34.418  -34.377  -34.374
  -34.374  -34.364  -34.352  -34.352  -34.334  -34.334  -34.331  -34.331  -34.327  -34.321
  -34.321  -34.315  -34.315  -34.314  -34.309  -34.309  -34.309  -34.309  -34.302  -34.302
  -34.289  -34.289  -34.283  -34.283  -34.277  -34.263  -34.249  -34.249  -34.249  -34.224
  -34.224  -34.211  -34.206  -34.191  -13.311  -13.031  -12.763  -12.763  -12.304  -12.304
  -12.120  -12.065  -11.951  -11.949  -11.949  -11.841  -11.841  -11.736  -11.656  -11.656
  -11.594  -11.594  -11.585  -11.581  -11.581  -11.507  -11.507  -11.438  -11.388  -11.388
  -11.372  -11.372  -11.362  -11.362  -11.261  -11.261   -4.945   -4.945   -4.925   -4.815
   -4.631   -4.631   -4.578   -4.578   -4.567   -4.531   -4.437   -4.437   -4.358   -4.358
   -4.331   -4.331   -4.300   -4.300   -4.205   -4.205   -4.136   -4.136   -3.930   -3.681
   -3.681   -3.504   -3.338   -3.338   -3.323   -3.239   -3.221   -3.221   -3.198   -3.198
   -3.168   -3.168   -3.155   -3.155   -3.070   -3.070   -3.026   -3.026   -2.710   -2.613
   -2.613   -2.567   -2.567   -2.551   -2.551   -2.534   -2.534   -2.512   -2.512   -2.430
   -2.359   -2.359   -2.298   -2.298   -2.238   -2.204   -2.202   -1.942   -1.942   -1.864
   -1.694   -1.694   -1.610   -1.576   -1.573   -1.573   -1.407   -1.368   -1.368   -1.297
   -1.297   -1.156   -1.156   -1.136   -1.116   -1.116   -1.043   -1.043   -1.037   -0.955
   -0.866   -0.866   -0.736   -0.680   -0.680   -0.637   -0.637   -0.517   -0.451   -0.422
   -0.348   -0.348   -0.305   -0.190   -0.190   -0.143   -0.102   -0.102    0.120    0.120
    0.141    0.141    0.146    0.146    0.382    0.436    0.436    0.616    2.523    2.523
    2.691    2.691    2.733    2.733    2.759    2.759    2.834    2.842    2.842    2.842
    2.876    2.876    2.955    2.987    3.057    3.057    3.106    3.106    3.171    3.171
    3.194    3.194    3.204    3.232    3.255    3.264    3.366    3.373    3.373    3.409
    3.409    3.526    3.571    3.597    3.597    3.636    3.636    3.811    3.811    3.912
    3.912    3.972    3.995    3.995    4.027    4.369    4.369    4.380    4.472    4.472
            0.350000  0.202073  0.000000
  -60.252  -60.246  -60.240  -60.240  -60.230  -60.230  -60.227  -60.225  -60.225  -60.221
  -60.218  -60.218  -60.218  -60.218  -60.215  -60.215  -34.532  -34.532  -34.520  -34.503
  -34.503  -34.485  -34.485  -34.462  -34.456  -34.456  -34.420  -34.420  -34.376  -34.375
  -34.375  -34.364  -34.352  -34.352  -34.333  -34.333  -34.330  -34.330  -34.326  -34.321
  -34.321  -34.314  -34.314  -34.314  -34.309  -34.309  -34.309  -34.309  -34.302  -34.302
  -34.287  -34.287  -34.284  -34.284  -34.273  -34.263  -34.251  -34.251  -34.249  -34.224
  -34.224  -34.213  -34.205  -34.192  -13.304  -13.044  -12.766  -12.766  -12.291  -12.291
  -12.103  -12.062  -11.963  -11.963  -11.956  -11.842  -11.842  -11.747  -11.650  -11.650
  -11.594  -11.594  -11.582  -11.582  -11.579  -11.513  -11.513  -11.442  -11.384  -11.384
  -11.372  -11.372  -11.362  -11.362  -11.260  -11.260   -4.935   -4.935   -4.914   -4.806
   -4.644   -4.644   -4.584   -4.584   -4.581   -4.543   -4.435   -4.435   -4.361   -4.361
   -4.331   -4.331   -4.296   -4.296   -4.202   -4.202   -4.138   -4.138   -3.918   -3.659
   -3.659   -3.524   -3.334   -3.334   -3.319   -3.240   -3.234   -3.234   -3.195   -3.195
   -3.177   -3.177   -3.165   -3.165   -3.077   -3.077   -3.023   -3.023   -2.689   -2.609
   -2.609   -2.557   -2.557   -2.553   -2.553   -2.533   -2.533   -2.512   -2.512   -2.424
   -2.353   -2.353   -2.317   -2.317   -2.220   -2.214   -2.214   -1.951   -1.951   -1.856
   -1.662   -1.662   -1.634   -1.590   -1.549   -1.549   -1.391   -1.373   -1.373   -1.305
   -1.305   -1.152   -1.152   -1.132   -1.125   -1.125   -1.048   -1.048   -1.048   -0.964
   -0.895   -0.895   -0.722   -0.673   -0.673   -0.634   -0.634   -0.506   -0.459   -0.418
   -0.338   -0.338   -0.306   -0.190   -0.190   -0.153   -0.108   -0.108    0.124    0.124
    0.144    0.144    0.148    0.148    0.395    0.445    0.445    0.611    2.515    2.515
    2.686    2.686    2.726    2.726    2.757    2.757    2.833    2.840    2.844    2.844
    2.876    2.876    2.967    2.996    3.062    3.062    3.108    3.108    3.167    3.167
    3.185    3.185    3.199    3.223    3.248    3.275    3.349    3.374    3.374    3.407
    3.407    3.517    3.584    3.597    3.597    3.632    3.632    3.812    3.812    3.924
    3.924    3.955    4.012    4.012    4.044    4.370    4.370    4.371    4.458    4.458
            0.362500  0.209289  0.000000
  -60.252  -60.246  -60.240  -60.240  -60.230  -60.230  -60.227  -60.225  -60.225  -60.221
  -60.218  -60.218  -60.218  -60.218  -60.215  -60.215  -34.531  -34.531  -34.519  -34.504
  -34.504  -34.485  -34.485  -34.465  -34.455  -34.455  -34.421  -34.421  -34.376  -34.375
  -34.375  -34.365  -34.352  -34.352  -34.333  -34.333  -34.329  -34.329  -34.326  -34.322
  -34.322  -34.315  -34.313  -34.313  -34.309  -34.309  -34.309  -34.309  -34.302  -34.302
  -34.286  -34.286  -34.285  -34.285  -34.270  -34.263  -34.252  -34.252  -34.250  -34.224
  -34.224  -34.215  -34.205  -34.192  -13.296  -13.058  -12.769  -12.769  -12.278  -12.278
  -12.086  -12.059  -11.977  -11.977  -11.962  -11.843  -11.843  -11.759  -11.645  -11.645
  -11.593  -11.593  -11.582  -11.582  -11.572  -11.519  -11.519  -11.446  -11.380  -11.380
  -11.371  -11.371  -11.363  -11.363  -11.258  -11.258   -4.925   -4.925   -4.903   -4.797
   -4.656   -4.656   -4.596   -4.590   -4.590   -4.555   -4.433   -4.433   -4.364   -4.364
   -4.332   -4.332   -4.291   -4.291   -4.200   -4.200   -4.141   -4.141   -3.906   -3.638
   -3.638   -3.544   -3.330   -3.329   -3.315   -3.248   -3.248   -3.242   -3.193   -3.193
   -3.185   -3.185   -3.174   -3.174   -3.083   -3.083   -3.020   -3.020   -2.668   -2.605
   -2.605   -2.555   -2.555   -2.547   -2.547   -2.532   -2.532   -2.513   -2.513   -2.417
   -2.348   -2.348   -2.336   -2.336   -2.236   -2.225   -2.189   -1.959   -1.959   -1.848
   -1.657   -1.631   -1.631   -1.604   -1.525   -1.525   -1.377   -1.377   -1.376   -1.313
   -1.313   -1.149   -1.149   -1.135   -1.135   -1.127   -1.060   -1.052   -1.052   -0.973
   -0.926   -0.926   -0.708   -0.667   -0.667   -0.632   -0.632   -0.496   -0.467   -0.415
   -0.328   -0.328   -0.305   -0.190   -0.190   -0.163   -0.113   -0.113    0.127    0.127
    0.146    0.146    0.149    0.149    0.409    0.453    0.453    0.606    2.507    2.507
    2.681    2.681    2.718    2.718    2.755    2.755    2.832    2.837    2.846    2.846
    2.876    2.876    2.979    3.005    3.067    3.067    3.110    3.110    3.164    3.164
    3.175    3.175    3.195    3.214    3.241    3.286    3.332    3.374    3.374    3.405
    3.405    3.509    3.596    3.596    3.597    3.629    3.629    3.813    3.813    3.934
    3.934    3.938    4.029    4.029    4.061    4.361    4.371    4.371    4.444    4.444
            0.375000  0.216506  0.000000
  -60.252  -60.247  -60.240  -60.240  -60.230  -60.230  -60.226  -60.225  -60.225  -60.221
  -60.218  -60.218  -60.218  -60.218  -60.215  -60.215  -34.530  -34.530  -34.517  -34.506
  -34.506  -34.484  -34.484  -34.468  -34.454  -34.454  -34.423  -34.423  -34.376  -34.376
  -34.375  -34.365  -34.352  -34.352  -34.332  -34.332  -34.328  -34.328  -34.325  -34.322
  -34.322  -34.315  -34.311  -34.311  -34.309  -34.309  -34.309  -34.309  -34.302  -34.302
  -34.286  -34.286  -34.284  -34.284  -34.267  -34.262  -34.253  -34.253  -34.251  -34.224
  -34.224  -34.217  -34.204  -34.192  -13.287  -13.071  -12.771  -12.771  -12.265  -12.265
  -12.069  -12.055  -11.991  -11.991  -11.967  -11.844  -11.844  -11.771  -11.640  -11.640
  -11.593  -11.593  -11.583  -11.583  -11.565  -11.525  -11.525  -11.451  -11.377  -11.377
  -11.371  -11.371  -11.363  -11.363  -11.256  -11.256   -4.914   -4.914   -4.891   -4.788
   -4.669   -4.669   -4.611   -4.596   -4.596   -4.567   -4.430   -4.430   -4.367   -4.367
   -4.332   -4.332   -4.287   -4.287   -4.198   -4.198   -4.143   -4.143   -3.893   -3.617
   -3.617   -3.563   -3.325   -3.325   -3.310   -3.262   -3.262   -3.243   -3.194   -3.194
   -3.190   -3.190   -3.183   -3.183   -3.089   -3.089   -3.017   -3.017   -2.647   -2.599
   -2.599   -2.557   -2.557   -2.537   -2.537   -2.531   -2.531   -2.513   -2.513   -2.411
   -2.354   -2.354   -2.343   -2.343   -2.253   -2.235   -2.165   -1.968   -1.968   -1.839
   -1.681   -1.617   -1.599   -1.599   -1.502   -1.502   -1.382   -1.382   -1.360   -1.320
   -1.320   -1.146   -1.146   -1.146   -1.146   -1.122   -1.072   -1.057   -1.057   -0.982
   -0.956   -0.956   -0.695   -0.662   -0.662   -0.630   -0.630   -0.486   -0.475   -0.413
   -0.320   -0.320   -0.304   -0.189   -0.189   -0.173   -0.118   -0.118    0.130    0.130
    0.148    0.148    0.150    0.150    0.421    0.460    0.460    0.600    2.499    2.499
    2.677    2.677    2.711    2.711    2.754    2.754    2.830    2.835    2.848    2.848
    2.876    2.876    2.992    3.014    3.073    3.073    3.111    3.111    3.160    3.160
    3.167    3.167    3.192    3.205    3.235    3.297    3.314    3.375    3.375    3.404
    3.404    3.500    3.596    3.596    3.610    3.626    3.626    3.814    3.814    3.921
    3.944    3.944    4.047    4.047    4.078    4.351    4.372    4.372    4.428    4.428
            0.387500  0.223723  0.000000
  -60.251  -60.247  -60.240  -60.240  -60.230  -60.230  -60.226  -60.225  -60.225  -60.222
  -60.218  -60.218  -60.218  -60.218  -60.215  -60.215  -34.529  -34.529  -34.515  -34.507
  -34.507  -34.484  -34.484  -34.471  -34.452  -34.452  -34.425  -34.425  -34.377  -34.377
  -34.375  -34.366  -34.352  -34.352  -34.332  -34.332  -34.328  -34.328  -34.324  -34.323
  -34.323  -34.315  -34.310  -34.310  -34.309  -34.309  -34.309  -34.309  -34.302  -34.302
  -34.287  -34.287  -34.282  -34.282  -34.264  -34.262  -34.255  -34.255  -34.251  -34.224
  -34.224  -34.219  -34.203  -34.193  -13.279  -13.084  -12.773  -12.773  -12.252  -12.252
  -12.052  -12.052  -12.005  -12.005  -11.972  -11.845  -11.845  -11.784  -11.634  -11.634
  -11.593  -11.593  -11.583  -11.583  -11.559  -11.531  -11.531  -11.456  -11.374  -11.374
  -11.371  -11.371  -11.363  -11.363  -11.255  -11.255   -4.903   -4.903   -4.878   -4.779
   -4.682   -4.682   -4.626   -4.600   -4.600   -4.579   -4.427   -4.427   -4.370   -4.370
   -4.332   -4.332   -4.283   -4.283   -4.195   -4.195   -4.146   -4.146   -3.880   -3.597
   -3.597   -3.583   -3.320   -3.320   -3.306   -3.277   -3.277   -3.245   -3.202   -3.202
   -3.191   -3.191   -3.187   -3.187   -3.096   -3.096   -3.015   -3.015   -2.626   -2.593
   -2.593   -2.559   -2.559   -2.529   -2.529   -2.528   -2.528   -2.514   -2.514   -2.404
   -2.372   -2.372   -2.338   -2.338   -2.271   -2.246   -2.140   -1.976   -1.976   -1.830
   -1.705   -1.630   -1.567   -1.567   -1.479   -1.479   -1.385   -1.385   -1.344   -1.327
   -1.327   -1.157   -1.157   -1.142   -1.142   -1.116   -1.085   -1.062   -1.062   -0.991
   -0.987   -0.987   -0.682   -0.656   -0.656   -0.628   -0.628   -0.484   -0.477   -0.411
   -0.312   -0.312   -0.302   -0.187   -0.187   -0.182   -0.124   -0.124    0.133    0.133
    0.150    0.150    0.151    0.151    0.434    0.467    0.467    0.594    2.492    2.492
    2.674    2.674    2.705    2.705    2.753    2.753    2.829    2.833    2.850    2.850
    2.876    2.876    3.005    3.023    3.078    3.078    3.113    3.113    3.157    3.157
    3.159    3.159    3.189    3.196    3.229    3.297    3.308    3.376    3.376    3.402
    3.402    3.491    3.596    3.596    3.623    3.623    3.624    3.815    3.815    3.904
    3.953    3.953    4.065    4.065    4.094    4.341    4.373    4.373    4.411    4.411
            0.400000  0.230940  0.000000
  -60.251  -60.247  -60.240  -60.240  -60.229  -60.229  -60.226  -60.225  -60.225  -60.222
  -60.218  -60.218  -60.218  -60.218  -60.215  -60.215  -34.528  -34.528  -34.513  -34.508
  -34.508  -34.484  -34.484  -34.474  -34.451  -34.451  -34.426  -34.426  -34.377  -34.377
  -34.375  -34.367  -34.353  -34.353  -34.331  -34.331  -34.327  -34.327  -34.324  -34.323
  -34.323  -34.316  -34.309  -34.309  -34.309  -34.309  -34.309  -34.309  -34.302  -34.302
  -34.288  -34.288  -34.280  -34.280  -34.261  -34.261  -34.256  -34.256  -34.252  -34.225
  -34.225  -34.221  -34.203  -34.193  -13.270  -13.097  -12.775  -12.775  -12.239  -12.239
  -12.048  -12.036  -12.019  -12.019  -11.977  -11.846  -11.846  -11.796  -11.629  -11.629
  -11.592  -11.592  -11.584  -11.584  -11.553  -11.536  -11.536  -11.461  -11.371  -11.371
  -11.370  -11.370  -11.364  -11.364  -11.254  -11.254   -4.892   -4.892   -4.866   -4.769
   -4.694   -4.694   -4.641   -4.605   -4.605   -4.591   -4.425   -4.425   -4.373   -4.373
   -4.333   -4.333   -4.279   -4.279   -4.193   -4.193   -4.149   -4.149   -3.866   -3.602
   -3.576   -3.576   -3.315   -3.315   -3.301   -3.291   -3.291   -3.247   -3.210   -3.210
   -3.198   -3.198   -3.183   -3.183   -3.102   -3.102   -3.013   -3.013   -2.605   -2.587
   -2.587   -2.560   -2.560   -2.528   -2.528   -2.520   -2.520   -2.514   -2.514   -2.397
   -2.390   -2.390   -2.334   -2.334   -2.288   -2.257   -2.116   -1.983   -1.983   -1.821
   -1.729   -1.643   -1.535   -1.535   -1.457   -1.457   -1.389   -1.389   -1.332   -1.332
   -1.328   -1.169   -1.169   -1.138   -1.138   -1.111   -1.097   -1.067   -1.067   -1.018
   -1.018   -0.999   -0.669   -0.652   -0.652   -0.627   -0.627   -0.493   -0.468   -0.409
   -0.304   -0.304   -0.300   -0.192   -0.186   -0.186   -0.129   -0.129    0.136    0.136
    0.151    0.151    0.152    0.152    0.446    0.473    0.473    0.588    2.486    2.486
    2.671    2.671    2.699    2.699    2.751    2.751    2.829    2.832    2.852    2.852
    2.875    2.875    3.019    3.032    3.083    3.083    3.114    3.114    3.152    3.152
    3.153    3.153    3.186    3.187    3.223    3.279    3.319    3.377    3.377    3.400
    3.400    3.482    3.596    3.596    3.620    3.620    3.638    3.816    3.816    3.888
    3.961    3.961    4.084    4.084    4.111    4.330    4.374    4.374    4.394    4.394
            0.412500  0.238157  0.000000
  -60.251  -60.247  -60.240  -60.240  -60.229  -60.229  -60.226  -60.226  -60.226  -60.222
  -60.218  -60.218  -60.218  -60.218  -60.215  -60.215  -34.527  -34.527  -34.511  -34.510
  -34.509  -34.484  -34.484  -34.476  -34.450  -34.450  -34.428  -34.428  -34.378  -34.378
  -34.374  -34.367  -34.353  -34.353  -34.331  -34.331  -34.327  -34.327  -34.324  -34.324
  -34.323  -34.316  -34.309  -34.309  -34.309  -34.309  -34.307  -34.307  -34.302  -34.302
  -34.290  -34.290  -34.279  -34.279  -34.261  -34.259  -34.257  -34.257  -34.253  -34.225
  -34.225  -34.223  -34.202  -34.194  -13.261  -13.109  -12.777  -12.777  -12.225  -12.225
  -12.045  -12.033  -12.033  -12.019  -11.983  -11.847  -11.847  -11.810  -11.623  -11.623
  -11.592  -11.592  -11.584  -11.584  -11.546  -11.542  -11.542  -11.466  -11.370  -11.370
  -11.369  -11.369  -11.364  -11.364  -11.253  -11.253   -4.881   -4.881   -4.853   -4.759
   -4.707   -4.707   -4.656   -4.608   -4.608   -4.603   -4.422   -4.422   -4.377   -4.377
   -4.333   -4.333   -4.276   -4.276   -4.190   -4.190   -4.152   -4.152   -3.852   -3.620
   -3.556   -3.556   -3.310   -3.310   -3.307   -3.307   -3.297   -3.249   -3.218   -3.218
   -3.205   -3.205   -3.180   -3.180   -3.108   -3.108   -3.010   -3.010   -2.584   -2.579
   -2.579   -2.561   -2.561   -2.527   -2.527   -2.515   -2.515   -2.513   -2.513   -2.407
   -2.407   -2.390   -2.330   -2.330   -2.306   -2.267   -2.091   -1.990   -1.990   -1.812
   -1.753   -1.656   -1.502   -1.502   -1.435   -1.435   -1.392   -1.392   -1.338   -1.338
   -1.313   -1.182   -1.182   -1.134   -1.134   -1.110   -1.105   -1.072   -1.072   -1.049
   -1.049   -1.008   -0.656   -0.647   -0.647   -0.626   -0.626   -0.502   -0.460   -0.409
   -0.298   -0.298   -0.297   -0.201   -0.184   -0.184   -0.134   -0.134    0.138    0.138
    0.152    0.152    0.153    0.153    0.457    0.478    0.478    0.582    2.480    2.480
    2.669    2.669    2.693    2.693    2.750    2.750    2.828    2.830    2.855    2.855
    2.874    2.874    3.033    3.042    3.088    3.088    3.115    3.115    3.145    3.145
    3.149    3.149    3.177    3.185    3.217    3.262    3.330    3.378    3.378    3.398
    3.398    3.473    3.597    3.597    3.617    3.617    3.652    3.816    3.816    3.871
    3.968    3.968    4.103    4.103    4.127    4.319    4.375    4.375    4.376    4.376
            0.425000  0.245374  0.000000
  -60.251  -60.248  -60.240  -60.240  -60.229  -60.229  -60.226  -60.226  -60.225  -60.222
  -60.218  -60.218  -60.218  -60.218  -60.215  -60.215  -34.526  -34.526  -34.511  -34.511
  -34.509  -34.484  -34.484  -34.479  -34.448  -34.448  -34.430  -34.430  -34.378  -34.378
  -34.374  -34.368  -34.353  -34.353  -34.330  -34.330  -34.326  -34.326  -34.324  -34.324
  -34.323  -34.317  -34.309  -34.309  -34.309  -34.309  -34.306  -34.306  -34.301  -34.301
  -34.291  -34.291  -34.277  -34.277  -34.260  -34.259  -34.259  -34.256  -34.253  -34.225
  -34.225  -34.225  -34.201  -34.194  -13.252  -13.122  -12.779  -12.779  -12.212  -12.212
  -12.047  -12.047  -12.041  -12.003  -11.988  -11.847  -11.847  -11.823  -11.617  -11.617
  -11.591  -11.591  -11.585  -11.585  -11.548  -11.548  -11.540  -11.471  -11.369  -11.369
  -11.367  -11.367  -11.364  -11.364  -11.252  -11.252   -4.869   -4.869   -4.840   -4.749
   -4.720   -4.720   -4.670   -4.615   -4.612   -4.612   -4.419   -4.419   -4.380   -4.380
   -4.333   -4.333   -4.273   -4.273   -4.187   -4.187   -4.154   -4.154   -3.838   -3.639
   -3.536   -3.536   -3.322   -3.322   -3.304   -3.304   -3.293   -3.252   -3.226   -3.226
   -3.211   -3.211   -3.176   -3.176   -3.114   -3.114   -3.009   -3.009   -2.572   -2.572
   -2.563   -2.562   -2.562   -2.526   -2.526   -2.515   -2.515   -2.506   -2.506   -2.423
   -2.423   -2.382   -2.327   -2.327   -2.325   -2.277   -2.067   -1.996   -1.996   -1.802
   -1.777   -1.669   -1.470   -1.470   -1.413   -1.413   -1.394   -1.394   -1.342   -1.342
   -1.297   -1.196   -1.196   -1.130   -1.130   -1.123   -1.100   -1.081   -1.081   -1.076
   -1.076   -1.016   -0.643   -0.643   -0.643   -0.625   -0.625   -0.511   -0.453   -0.409
   -0.293   -0.292   -0.292   -0.210   -0.182   -0.182   -0.138   -0.138    0.140    0.140
    0.154    0.154    0.154    0.154    0.469    0.483    0.483    0.575    2.475    2.475
    2.667    2.667    2.688    2.688    2.749    2.749    2.827    2.829    2.856    2.856
    2.874    2.874    3.047    3.051    3.093    3.093    3.116    3.116    3.140    3.140
    3.146    3.146    3.167    3.184    3.212    3.244    3.341    3.379    3.379    3.396
    3.396    3.464    3.597    3.597    3.614    3.614    3.666    3.817    3.817    3.855
    3.975    3.975    4.122    4.122    4.143    4.307    4.357    4.357    4.376    4.376
            0.437500  0.252591  0.000000
  -60.250  -60.248  -60.240  -60.240  -60.229  -60.229  -60.226  -60.226  -60.225  -60.223
  -60.218  -60.218  -60.218  -60.218  -60.215  -60.215  -34.524  -34.524  -34.512  -34.512
  -34.506  -34.484  -34.484  -34.482  -34.447  -34.447  -34.431  -34.431  -34.378  -34.378
  -34.373  -34.368  -34.353  -34.353  -34.330  -34.330  -34.326  -34.326  -34.325  -34.325
  -34.322  -34.317  -34.309  -34.309  -34.309  -34.309  -34.305  -34.305  -34.301  -34.301
  -34.292  -34.292  -34.275  -34.275  -34.260  -34.260  -34.260  -34.254  -34.253  -34.227
  -34.225  -34.225  -34.201  -34.195  -13.242  -13.134  -12.780  -12.780  -12.199  -12.199
  -12.061  -12.061  -12.037  -11.993  -11.987  -11.848  -11.848  -11.837  -11.612  -11.612
  -11.591  -11.590  -11.585  -11.585  -11.554  -11.554  -11.534  -11.476  -11.369  -11.369
  -11.365  -11.365  -11.365  -11.365  -11.251  -11.251   -4.858   -4.858   -4.827   -4.739
   -4.733   -4.733   -4.685   -4.627   -4.615   -4.615   -4.416   -4.416   -4.383   -4.383
   -4.333   -4.333   -4.271   -4.270   -4.185   -4.185   -4.157   -4.157   -3.823   -3.657
   -3.516   -3.516   -3.338   -3.338   -3.299   -3.299   -3.289   -3.254   -3.234   -3.234
   -3.216   -3.216   -3.172   -3.172   -3.120   -3.120   -3.007   -3.007   -2.563   -2.563
   -2.563   -2.563   -2.543   -2.525   -2.525   -2.516   -2.516   -2.500   -2.500   -2.439
   -2.439   -2.375   -2.343   -2.324   -2.324   -2.287   -2.043   -2.001   -2.001   -1.801
   -1.793   -1.681   -1.437   -1.437   -1.397   -1.397   -1.392   -1.392   -1.346   -1.346
   -1.282   -1.211   -1.211   -1.137   -1.126   -1.126   -1.113   -1.113   -1.094   -1.081
   -1.081   -1.024   -0.639   -0.639   -0.631   -0.624   -0.624   -0.521   -0.446   -0.409
   -0.289   -0.287   -0.287   -0.219   -0.179   -0.179   -0.143   -0.143    0.141    0.141
    0.154    0.154    0.154    0.154    0.479    0.487    0.487    0.568    2.471    2.471
    2.665    2.665    2.683    2.683    2.749    2.749    2.826    2.828    2.858    2.858
    2.873    2.873    3.061    3.062    3.098    3.098    3.117    3.117    3.135    3.135
    3.142    3.142    3.158    3.183    3.207    3.227    3.352    3.380    3.380    3.395
    3.395    3.454    3.597    3.597    3.612    3.612    3.681    3.817    3.817    3.838
    3.980    3.980    4.141    4.141    4.158    4.295    4.338    4.338    4.377    4.377
            0.450000  0.259808  0.000000
  -60.250  -60.248  -60.240  -60.240  -60.228  -60.228  -60.226  -60.226  -60.225  -60.223
  -60.218  -60.218  -60.218  -60.218  -60.215  -60.215  -34.523  -34.523  -34.513  -34.513
  -34.504  -34.485  -34.484  -34.484  -34.445  -34.445  -34.433  -34.433  -34.379  -34.379
  -34.373  -34.369  -34.353  -34.353  -34.329  -34.329  -34.326  -34.326  -34.325  -34.325
  -34.322  -34.318  -34.309  -34.309  -34.309  -34.309  -34.303  -34.303  -34.301  -34.301
  -34.293  -34.293  -34.274  -34.274  -34.261  -34.261  -34.259  -34.255  -34.250  -34.230
  -34.225  -34.225  -34.200  -34.195  -13.233  -13.146  -12.781  -12.781  -12.185  -12.185
  -12.075  -12.075  -12.033  -11.997  -11.971  -11.850  -11.848  -11.848  -11.606  -11.606
  -11.590  -11.590  -11.586  -11.586  -11.560  -11.560  -11.527  -11.481  -11.369  -11.369
  -11.365  -11.365  -11.363  -11.363  -11.250  -11.250   -4.846   -4.846   -4.814   -4.746
   -4.746   -4.729   -4.700   -4.639   -4.617   -4.617   -4.413   -4.413   -4.386   -4.386
   -4.334   -4.334   -4.268   -4.268   -4.182   -4.182   -4.160   -4.160   -3.808   -3.675
   -3.497   -3.497   -3.354   -3.354   -3.293   -3.293   -3.285   -3.257   -3.241   -3.241
   -3.220   -3.220   -3.167   -3.167   -3.126   -3.126   -3.006   -3.006   -2.563   -2.563
   -2.554   -2.554   -2.524   -2.524   -2.522   -2.517   -2.517   -2.495   -2.495   -2.455
   -2.455   -2.367   -2.362   -2.322   -2.322   -2.296   -2.018   -2.006   -2.006   -1.825
   -1.783   -1.693   -1.405   -1.405   -1.398   -1.398   -1.371   -1.371   -1.349   -1.349
   -1.267   -1.226   -1.226   -1.150   -1.145   -1.145   -1.122   -1.122   -1.087   -1.086
   -1.086   -1.032   -0.636   -0.636   -0.624   -0.624   -0.619   -0.531   -0.439   -0.410
   -0.284   -0.283   -0.283   -0.228   -0.177   -0.177   -0.147   -0.147    0.143    0.143
    0.155    0.155    0.155    0.155    0.490    0.490    0.490    0.561    2.468    2.468
    2.665    2.665    2.679    2.679    2.748    2.748    2.826    2.827    2.860    2.860
    2.872    2.872    3.070    3.078    3.103    3.103    3.118    3.118    3.131    3.131
    3.138    3.138    3.148    3.183    3.203    3.210    3.362    3.381    3.381    3.393
    3.393    3.444    3.598    3.598    3.610    3.610    3.696    3.817    3.817    3.822
    3.985    3.985    4.161    4.161    4.173    4.283    4.319    4.319    4.377    4.377
            0.462500  0.267025  0.000000
  -60.250  -60.249  -60.240  -60.240  -60.228  -60.228  -60.227  -60.227  -60.225  -60.223
  -60.218  -60.218  -60.218  -60.218  -60.215  -60.215  -34.522  -34.522  -34.515  -34.515
  -34.502  -34.487  -34.484  -34.484  -34.444  -34.444  -34.435  -34.435  -34.379  -34.379
  -34.372  -34.369  -34.353  -34.353  -34.329  -34.329  -34.326  -34.326  -34.325  -34.325
  -34.321  -34.318  -34.309  -34.309  -34.309  -34.309  -34.302  -34.302  -34.301  -34.301
  -34.294  -34.294  -34.272  -34.272  -34.263  -34.263  -34.259  -34.255  -34.247  -34.232
  -34.225  -34.225  -34.200  -34.196  -13.223  -13.157  -12.782  -12.782  -12.171  -12.171
  -12.089  -12.089  -12.029  -12.002  -11.955  -11.865  -11.849  -11.849  -11.601  -11.601
  -11.589  -11.589  -11.586  -11.586  -11.566  -11.566  -11.521  -11.487  -11.368  -11.368
  -11.366  -11.366  -11.362  -11.362  -11.250  -11.250   -4.834   -4.834   -4.800   -4.759
   -4.759   -4.718   -4.715   -4.651   -4.619   -4.619   -4.409   -4.409   -4.390   -4.390
   -4.334   -4.334   -4.267   -4.267   -4.179   -4.179   -4.163   -4.163   -3.792   -3.693
   -3.478   -3.478   -3.371   -3.371   -3.287   -3.287   -3.281   -3.260   -3.248   -3.248
   -3.223   -3.223   -3.163   -3.163   -3.132   -3.132   -3.005   -3.005   -2.564   -2.564
   -2.544   -2.544   -2.523   -2.523   -2.517   -2.517   -2.501   -2.491   -2.491   -2.469
   -2.469   -2.382   -2.359   -2.320   -2.320   -2.306   -2.010   -2.010   -1.994   -1.849
   -1.772   -1.705   -1.400   -1.400   -1.372   -1.372   -1.352   -1.352   -1.351   -1.351
   -1.251   -1.242   -1.242   -1.177   -1.177   -1.164   -1.118   -1.118   -1.091   -1.091
   -1.081   -1.039   -0.633   -0.633   -0.624   -0.624   -0.607   -0.541   -0.434   -0.412
   -0.280   -0.280   -0.278   -0.236   -0.174   -0.174   -0.152   -0.152    0.144    0.144
    0.155    0.155    0.156    0.156    0.493    0.493    0.500    0.553    2.465    2.465
    2.664    2.664    2.675    2.675    2.748    2.748    2.826    2.826    2.862    2.862
    2.871    2.871    3.080    3.093    3.107    3.107    3.118    3.118    3.128    3.128
    3.134    3.134    3.138    3.184    3.193    3.198    3.373    3.382    3.382    3.391
    3.391    3.435    3.599    3.599    3.608    3.608    3.711    3.805    3.818    3.818
    3.988    3.988    4.180    4.180    4.188    4.271    4.299    4.299    4.378    4.378
            0.475000  0.274241  0.000000
  -60.250  -60.249  -60.240  -60.240  -60.228  -60.228  -60.227  -60.227  -60.224  -60.223
  -60.218  -60.218  -60.218  -60.218  -60.215  -60.215  -34.521  -34.521  -34.516  -34.516
  -34.500  -34.490  -34.484  -34.484  -34.442  -34.442  -34.436  -34.436  -34.379  -34.379
  -34.372  -34.370  -34.353  -34.353  -34.328  -34.328  -34.326  -34.326  -34.325  -34.325
  -34.321  -34.318  -34.309  -34.309  -34.309  -34.309  -34.301  -34.301  -34.301  -34.301
  -34.296  -34.296  -34.271  -34.271  -34.264  -34.264  -34.258  -34.256  -34.245  -34.235
  -34.225  -34.225  -34.199  -34.197  -13.212  -13.169  -12.782  -12.782  -12.158  -12.158
  -12.102  -12.102  -12.025  -12.007  -11.939  -11.879  -11.849  -11.849  -11.595  -11.595
  -11.589  -11.589  -11.587  -11.587  -11.572  -11.572  -11.515  -11.492  -11.368  -11.368
  -11.366  -11.366  -11.361  -11.361  -11.249  -11.249   -4.822   -4.822   -4.786   -4.772
   -4.772   -4.729   -4.707   -4.662   -4.620   -4.620   -4.406   -4.406   -4.393   -4.393
   -4.334   -4.334   -4.266   -4.266   -4.177   -4.177   -4.166   -4.166   -3.777   -3.710
   -3.459   -3.459   -3.387   -3.387   -3.281   -3.281   -3.277   -3.263   -3.255   -3.255
   -3.225   -3.225   -3.158   -3.158   -3.137   -3.137   -3.004   -3.004   -2.564   -2.564
   -2.533   -2.533   -2.522   -2.522   -2.518   -2.518   -2.488   -2.488   -2.484   -2.484
   -2.481   -2.401   -2.350   -2.319   -2.319   -2.315   -2.012   -2.012   -1.970   -1.873
   -1.762   -1.717   -1.401   -1.401   -1.354   -1.354   -1.340   -1.340   -1.331   -1.331
   -1.259   -1.259   -1.237   -1.209   -1.209   -1.178   -1.113   -1.113   -1.095   -1.095
   -1.075   -1.047   -0.631   -0.631   -0.625   -0.625   -0.595   -0.551   -0.428   -0.414
   -0.278   -0.278   -0.273   -0.244   -0.170   -0.170   -0.156   -0.156    0.144    0.144
    0.156    0.156    0.156    0.156    0.495    0.495    0.510    0.545    2.463    2.463
    2.665    2.665    2.672    2.672    2.747    2.747    2.825    2.826    2.864    2.864
    2.870    2.870    3.090    3.109    3.112    3.112    3.119    3.119    3.126    3.126
    3.128    3.130    3.130    3.175    3.185    3.195    3.383    3.384    3.384    3.390
    3.390    3.425    3.600    3.600    3.606    3.606    3.726    3.789    3.818    3.818
    3.990    3.990    4.200    4.200    4.203    4.258    4.280    4.280    4.378    4.378
            0.487500  0.281458  0.000000
  -60.250  -60.249  -60.240  -60.240  -60.228  -60.228  -60.227  -60.227  -60.224  -60.223
  -60.218  -60.218  -60.218  -60.218  -60.215  -60.215  -34.520  -34.520  -34.517  -34.517
  -34.497  -34.492  -34.484  -34.484  -34.441  -34.441  -34.438  -34.438  -34.379  -34.379
  -34.371  -34.370  -34.353  -34.353  -34.328  -34.328  -34.327  -34.327  -34.325  -34.325
  -34.320  -34.319  -34.309  -34.309  -34.309  -34.309  -34.301  -34.301  -34.299  -34.299
  -34.297  -34.297  -34.269  -34.269  -34.266  -34.266  -34.257  -34.256  -34.242  -34.237
  -34.225  -34.225  -34.198  -34.197  -13.202  -13.180  -12.783  -12.783  -12.144  -12.144
  -12.116  -12.116  -12.020  -12.011  -11.924  -11.894  -11.849  -11.849  -11.589  -11.589
  -11.588  -11.588  -11.587  -11.587  -11.578  -11.578  -11.509  -11.498  -11.367  -11.367
  -11.367  -11.367  -11.361  -11.361  -11.249  -11.249   -4.809   -4.809   -4.784   -4.784
   -4.772   -4.744   -4.696   -4.674   -4.621   -4.621   -4.403   -4.403   -4.396   -4.396
   -4.334   -4.334   -4.265   -4.265   -4.174   -4.174   -4.168   -4.168   -3.760   -3.727
   -3.440   -3.440   -3.405   -3.405   -3.275   -3.275   -3.273   -3.266   -3.262   -3.262
   -3.227   -3.227   -3.153   -3.153   -3.143   -3.143   -3.004   -3.004   -2.564   -2.564
   -2.522   -2.522   -2.521   -2.521   -2.519   -2.519   -2.497   -2.497   -2.487   -2.487
   -2.461   -2.421   -2.342   -2.324   -2.318   -2.318   -2.014   -2.014   -1.945   -1.897
   -1.751   -1.728   -1.401   -1.401   -1.355   -1.355   -1.312   -1.312   -1.307   -1.307
   -1.276   -1.276   -1.242   -1.242   -1.222   -1.193   -1.109   -1.109   -1.100   -1.100
   -1.068   -1.054   -0.629   -0.629   -0.626   -0.626   -0.584   -0.562   -0.424   -0.416
   -0.277   -0.277   -0.266   -0.252   -0.167   -0.167   -0.160   -0.160    0.145    0.145
    0.156    0.156    0.156    0.156    0.496    0.496    0.519    0.537    2.462    2.462
    2.666    2.666    2.669    2.669    2.747    2.747    2.825    2.826    2.865    2.865
    2.868    2.868    3.099    3.117    3.117    3.119    3.119    3.119    3.124    3.124
    3.125    3.125    3.125    3.159    3.187    3.192    3.385    3.385    3.388    3.388
    3.394    3.414    3.601    3.601    3.604    3.604    3.742    3.773    3.818    3.818
    3.992    3.992    4.217    4.220    4.220    4.244    4.260    4.260    4.378    4.378
            0.500000  0.288675  0.000000
  -60.249  -60.249  -60.240  -60.240  -60.227  -60.227  -60.227  -60.227  -60.224  -60.224
  -60.218  -60.218  -60.218  -60.218  -60.215  -60.215  -34.518  -34.518  -34.518  -34.518
  -34.495  -34.495  -34.484  -34.484  -34.439  -34.439  -34.439  -34.439  -34.379  -34.379
  -34.371  -34.371  -34.353  -34.353  -34.327  -34.327  -34.327  -34.327  -34.325  -34.325
  -34.319  -34.319  -34.309  -34.309  -34.309  -34.309  -34.301  -34.301  -34.298  -34.298
  -34.298  -34.298  -34.267  -34.267  -34.267  -34.267  -34.257  -34.257  -34.240  -34.240
  -34.225  -34.225  -34.198  -34.198  -13.191  -13.191  -12.783  -12.783  -12.130  -12.130
  -12.130  -12.130  -12.016  -12.016  -11.909  -11.909  -11.849  -11.849  -11.588  -11.588
  -11.588  -11.588  -11.583  -11.583  -11.583  -11.583  -11.504  -11.504  -11.367  -11.367
  -11.367  -11.367  -11.361  -11.361  -11.249  -11.249   -4.797   -4.797   -4.797   -4.797
   -4.758   -4.758   -4.685   -4.685   -4.621   -4.621   -4.400   -4.400   -4.400   -4.400
   -4.334   -4.334   -4.265   -4.265   -4.171   -4.171   -4.171   -4.171   -3.744   -3.744
   -3.422   -3.422   -3.422   -3.422   -3.270   -3.270   -3.268   -3.268   -3.268   -3.268
   -3.227   -3.227   -3.148   -3.148   -3.148   -3.148   -3.004   -3.004   -2.565   -2.565
   -2.520   -2.520   -2.520   -2.520   -2.510   -2.510   -2.510   -2.510   -2.486   -2.486
   -2.441   -2.441   -2.333   -2.333   -2.318   -2.318   -2.014   -2.014   -1.921   -1.921
   -1.740   -1.740   -1.402   -1.402   -1.355   -1.355   -1.294   -1.294   -1.294   -1.294
   -1.274   -1.274   -1.274   -1.274   -1.207   -1.207   -1.104   -1.104   -1.104   -1.104
   -1.061   -1.061   -0.627   -0.627   -0.627   -0.627   -0.573   -0.573   -0.420   -0.420
   -0.276   -0.276   -0.259   -0.259   -0.163   -0.163   -0.163   -0.163    0.145    0.145
    0.156    0.156    0.156    0.156    0.496    0.496    0.528    0.528    2.462    2.462
    2.667    2.667    2.667    2.667    2.747    2.747    2.825    2.825    2.867    2.867
    2.867    2.867    3.109    3.109    3.119    3.119    3.121    3.121    3.121    3.121
    3.124    3.124    3.142    3.142    3.189    3.189    3.387    3.387    3.387    3.387
    3.404    3.404    3.602    3.602    3.602    3.602    3.757    3.757    3.818    3.818
    3.992    3.992    4.231    4.231    4.240    4.240    4.240    4.240    4.378    4.378
            0.495833  0.295892  0.000000
  -60.249  -60.249  -60.240  -60.240  -60.228  -60.228  -60.227  -60.227  -60.224  -60.224
  -60.219  -60.219  -60.218  -60.218  -60.215  -60.215  -34.519  -34.519  -34.518  -34.518
  -34.495  -34.495  -34.485  -34.483  -34.441  -34.441  -34.438  -34.438  -34.381  -34.378
  -34.371  -34.371  -34.353  -34.352  -34.327  -34.327  -34.327  -34.327  -34.327  -34.323
  -34.319  -34.319  -34.309  -34.309  -34.309  -34.309  -34.301  -34.301  -34.299  -34.299
  -34.297  -34.297  -34.268  -34.268  -34.267  -34.267  -34.257  -34.257  -34.240  -34.240
  -34.225  -34.224  -34.198  -34.198  -13.191  -13.191  -12.792  -12.773  -12.137  -12.137
  -12.124  -12.124  -12.016  -12.016  -11.909  -11.909  -11.853  -11.845  -11.593  -11.593
  -11.586  -11.586  -11.583  -11.583  -11.581  -11.581  -11.504  -11.504  -11.369  -11.369
  -11.365  -11.365  -11.363  -11.359  -11.250  -11.248   -4.797   -4.797   -4.797   -4.797
   -4.758   -4.758   -4.685   -4.685   -4.625   -4.616   -4.406   -4.406   -4.394   -4.394
   -4.340   -4.328   -4.276   -4.253   -4.179   -4.179   -4.163   -4.163   -3.744   -3.744
   -3.433   -3.433   -3.412   -3.412   -3.270   -3.270   -3.269   -3.269   -3.267   -3.267
   -3.228   -3.227   -3.148   -3.148   -3.148   -3.148   -3.012   -2.995   -2.582   -2.546
   -2.520   -2.520   -2.519   -2.519   -2.511   -2.511   -2.508   -2.508   -2.497   -2.475
   -2.441   -2.441   -2.333   -2.333   -2.322   -2.313   -2.030   -1.998   -1.921   -1.921
   -1.740   -1.740   -1.408   -1.396   -1.360   -1.351   -1.298   -1.298   -1.289   -1.289
   -1.284   -1.284   -1.265   -1.265   -1.207   -1.207   -1.108   -1.108   -1.101   -1.101
   -1.061   -1.061   -0.636   -0.636   -0.619   -0.619   -0.573   -0.573   -0.420   -0.420
   -0.277   -0.275   -0.259   -0.259   -0.164   -0.164   -0.163   -0.163    0.136    0.150
    0.150    0.154    0.162    0.162    0.492    0.501    0.528    0.528    2.454    2.469
    2.663    2.663    2.671    2.671    2.741    2.753    2.825    2.825    2.865    2.865
    2.868    2.868    3.109    3.109    3.116    3.121    3.121    3.121    3.121    3.121
    3.122    3.126    3.142    3.142    3.189    3.189    3.379    3.379    3.394    3.394
    3.404    3.404    3.592    3.592    3.613    3.613    3.758    3.758    3.813    3.823
    3.985    4.000    4.231    4.231    4.238    4.238    4.241    4.241    4.366    4.390
            0.491667  0.303109  0.000000
  -60.249  -60.249  -60.241  -60.240  -60.228  -60.228  -60.227  -60.227  -60.224  -60.224
  -60.219  -60.219  -60.218  -60.218  -60.215  -60.215  -34.519  -34.519  -34.518  -34.518
  -34.495  -34.495  -34.486  -34.483  -34.442  -34.442  -34.437  -34.437  -34.382  -34.377
  -34.371  -34.371  -34.354  -34.352  -34.329  -34.328  -34.328  -34.327  -34.327  -34.321
  -34.319  -34.319  -34.309  -34.309  -34.308  -34.308  -34.301  -34.301  -34.300  -34.300
  -34.297  -34.297  -34.268  -34.268  -34.267  -34.267  -34.257  -34.257  -34.240  -34.240
  -34.226  -34.223  -34.198  -34.198  -13.191  -13.191  -12.802  -12.764  -12.143  -12.143
  -12.117  -12.117  -12.016  -12.016  -11.909  -11.909  -11.857  -11.841  -11.599  -11.599
  -11.589  -11.589  -11.578  -11.578  -11.578  -11.578  -11.504  -11.503  -11.372  -11.372
  -11.365  -11.362  -11.362  -11.357  -11.251  -11.247   -4.797   -4.797   -4.797   -4.797
   -4.758   -4.758   -4.685   -4.685   -4.630   -4.611   -4.412   -4.412   -4.388   -4.388
   -4.346   -4.323   -4.288   -4.241   -4.187   -4.187   -4.155   -4.155   -3.744   -3.744
   -3.444   -3.444   -3.401   -3.401   -3.271   -3.271   -3.269   -3.269   -3.266   -3.266
   -3.229   -3.227   -3.149   -3.149   -3.147   -3.147   -3.021   -2.986   -2.600   -2.528
   -2.521   -2.521   -2.519   -2.519   -2.513   -2.513   -2.508   -2.506   -2.506   -2.464
   -2.441   -2.441   -2.334   -2.334   -2.326   -2.309   -2.046   -1.982   -1.921   -1.921
   -1.740   -1.740   -1.414   -1.390   -1.364   -1.346   -1.302   -1.302   -1.293   -1.293
   -1.285   -1.285   -1.256   -1.256   -1.208   -1.208   -1.112   -1.112   -1.097   -1.097
   -1.061   -1.061   -0.644   -0.644   -0.610   -0.610   -0.575   -0.575   -0.419   -0.419
   -0.278   -0.275   -0.258   -0.258   -0.164   -0.164   -0.162   -0.162    0.127    0.144
    0.144    0.163    0.168    0.168    0.487    0.506    0.528    0.528    2.447    2.476
    2.660    2.660    2.674    2.674    2.735    2.759    2.825    2.825    2.864    2.864
    2.869    2.869    3.109    3.109    3.114    3.119    3.121    3.121    3.121    3.121
    3.125    3.129    3.142    3.142    3.189    3.189    3.371    3.371    3.402    3.402
    3.404    3.404    3.581    3.581    3.624    3.624    3.758    3.758    3.808    3.829
    3.977    4.007    4.230    4.230    4.236    4.236    4.243    4.243    4.354    4.402
            0.487500  0.310326  0.000000
  -60.249  -60.249  -60.241  -60.240  -60.228  -60.228  -60.227  -60.227  -60.224  -60.224
  -60.219  -60.219  -60.218  -60.218  -60.215  -60.215  -34.519  -34.519  -34.517  -34.517
  -34.495  -34.495  -34.487  -34.482  -34.443  -34.443  -34.436  -34.436  -34.383  -34.375
  -34.371  -34.371  -34.354  -34.352  -34.331  -34.328  -34.328  -34.326  -34.326  -34.319
  -34.319  -34.319  -34.309  -34.309  -34.308  -34.308  -34.301  -34.301  -34.300  -34.300
  -34.296  -34.296  -34.268  -34.268  -34.267  -34.267  -34.257  -34.257  -34.240  -34.240
  -34.227  -34.223  -34.198  -34.198  -13.191  -13.191  -12.811  -12.754  -12.150  -12.150
  -12.110  -12.110  -12.016  -12.016  -11.908  -11.908  -11.861  -11.837  -11.604  -11.604
  -11.591  -11.591  -11.575  -11.575  -11.572  -11.572  -11.503  -11.503  -11.374  -11.374
  -11.367  -11.360  -11.360  -11.355  -11.253  -11.246   -4.796   -4.796   -4.796   -4.796
   -4.758   -4.758   -4.685   -4.685   -4.634   -4.607   -4.418   -4.418   -4.382   -4.382
   -4.352   -4.317   -4.300   -4.229   -4.194   -4.194   -4.147   -4.147   -3.744   -3.744
   -3.455   -3.455   -3.390   -3.390   -3.272   -3.272   -3.269   -3.269   -3.265   -3.265
   -3.230   -3.226   -3.150   -3.150   -3.147   -3.147   -3.029   -2.976   -2.617   -2.521
   -2.521   -2.519   -2.518   -2.518   -2.515   -2.515   -2.509   -2.504   -2.504   -2.453
   -2.441   -2.441   -2.334   -2.334   -2.331   -2.305   -2.062   -1.966   -1.922   -1.922
   -1.739   -1.739   -1.420   -1.385   -1.369   -1.342   -1.306   -1.306   -1.303   -1.303
   -1.280   -1.280   -1.247   -1.247   -1.209   -1.209   -1.115   -1.115   -1.093   -1.093
   -1.060   -1.060   -0.653   -0.653   -0.602   -0.602   -0.577   -0.577   -0.419   -0.419
   -0.279   -0.274   -0.257   -0.257   -0.164   -0.164   -0.162   -0.162    0.118    0.138
    0.138    0.172    0.174    0.174    0.482    0.511    0.528    0.528    2.440    2.484
    2.656    2.656    2.678    2.678    2.729    2.765    2.825    2.825    2.862    2.862
    2.870    2.870    3.109    3.109    3.111    3.116    3.121    3.121    3.121    3.121
    3.128    3.132    3.141    3.141    3.188    3.188    3.364    3.364    3.404    3.404
    3.410    3.410    3.570    3.570    3.635    3.635    3.759    3.759    3.803    3.834
    3.970    4.014    4.230    4.230    4.234    4.234    4.244    4.244    4.342    4.414
            0.483333  0.317543  0.000000
  -60.249  -60.249  -60.241  -60.239  -60.228  -60.228  -60.227  -60.227  -60.224  -60.224
  -60.219  -60.219  -60.218  -60.218  -60.215  -60.215  -34.520  -34.520  -34.517  -34.517
  -34.495  -34.495  -34.488  -34.481  -34.445  -34.445  -34.434  -34.434  -34.384  -34.374
  -34.371  -34.371  -34.354  -34.351  -34.332  -34.328  -34.328  -34.326  -34.326  -34.319
  -34.319  -34.318  -34.310  -34.309  -34.308  -34.308  -34.302  -34.301  -34.301  -34.301
  -34.295  -34.295  -34.268  -34.268  -34.267  -34.267  -34.257  -34.257  -34.240  -34.240
  -34.227  -34.222  -34.198  -34.198  -13.190  -13.190  -12.821  -12.744  -12.157  -12.157
  -12.104  -12.104  -12.016  -12.016  -11.908  -11.908  -11.865  -11.833  -11.610  -11.610
  -11.594  -11.594  -11.573  -11.573  -11.568  -11.568  -11.503  -11.503  -11.376  -11.376
  -11.369  -11.358  -11.358  -11.353  -11.254  -11.244   -4.796   -4.796   -4.796   -4.796
   -4.757   -4.757   -4.684   -4.684   -4.639   -4.602   -4.425   -4.425   -4.376   -4.376
   -4.358   -4.312   -4.311   -4.218   -4.202   -4.202   -4.139   -4.139   -3.745   -3.745
   -3.465   -3.465   -3.379   -3.379   -3.273   -3.273   -3.269   -3.269   -3.263   -3.263
   -3.232   -3.226   -3.150   -3.150   -3.147   -3.147   -3.038   -2.967   -2.634   -2.530
   -2.521   -2.521   -2.517   -2.517   -2.517   -2.517   -2.502   -2.502   -2.490   -2.442
   -2.442   -2.442   -2.335   -2.335   -2.335   -2.301   -2.078   -1.950   -1.922   -1.922
   -1.739   -1.739   -1.426   -1.379   -1.373   -1.337   -1.312   -1.312   -1.309   -1.309
   -1.275   -1.275   -1.238   -1.238   -1.210   -1.210   -1.119   -1.119   -1.090   -1.090
   -1.060   -1.060   -0.661   -0.661   -0.594   -0.594   -0.580   -0.580   -0.418   -0.418
   -0.280   -0.274   -0.255   -0.255   -0.164   -0.164   -0.161   -0.161    0.109    0.132
    0.132    0.179    0.179    0.181    0.477    0.516    0.528    0.528    2.433    2.491
    2.653    2.653    2.682    2.682    2.723    2.772    2.825    2.825    2.860    2.860
    2.871    2.871    3.109    3.110    3.110    3.114    3.121    3.121    3.122    3.122
    3.131    3.135    3.141    3.141    3.188    3.188    3.356    3.356    3.403    3.403
    3.418    3.418    3.560    3.560    3.647    3.647    3.759    3.759    3.798    3.840
    3.962    4.022    4.229    4.229    4.232    4.232    4.245    4.245    4.331    4.425
            0.479167  0.324759  0.000000
  -60.249  -60.249  -60.241  -60.239  -60.228  -60.228  -60.227  -60.227  -60.224  -60.224
  -60.219  -60.219  -60.218  -60.218  -60.215  -60.215  -34.520  -34.520  -34.517  -34.517
  -34.495  -34.495  -34.489  -34.480  -34.446  -34.446  -34.433  -34.433  -34.386  -34.373
  -34.371  -34.371  -34.355  -34.351  -34.334  -34.328  -34.328  -34.326  -34.326  -34.319
  -34.319  -34.316  -34.310  -34.310  -34.308  -34.308  -34.302  -34.302  -34.302  -34.301
  -34.295  -34.295  -34.268  -34.268  -34.267  -34.267  -34.257  -34.257  -34.240  -34.240
  -34.228  -34.222  -34.198  -34.198  -13.190  -13.190  -12.830  -12.735  -12.163  -12.163
  -12.097  -12.097  -12.015  -12.015  -11.908  -11.908  -11.868  -11.829  -11.615  -11.615
  -11.596  -11.596  -11.570  -11.570  -11.563  -11.563  -11.503  -11.503  -11.379  -11.379
  -11.372  -11.356  -11.356  -11.351  -11.255  -11.243   -4.795   -4.795   -4.795   -4.795
   -4.757   -4.757   -4.684   -4.684   -4.643   -4.597   -4.431   -4.431   -4.371   -4.371
   -4.364   -4.323   -4.307   -4.209   -4.209   -4.206   -4.131   -4.131   -3.745   -3.745
   -3.476   -3.476   -3.368   -3.368   -3.274   -3.274   -3.269   -3.269   -3.262   -3.262
   -3.233   -3.227   -3.151   -3.151   -3.147   -3.147   -3.045   -2.957   -2.650   -2.541
   -2.522   -2.522   -2.518   -2.518   -2.516   -2.516   -2.501   -2.501   -2.470   -2.443
   -2.443   -2.432   -2.339   -2.336   -2.336   -2.296   -2.093   -1.934   -1.923   -1.923
   -1.739   -1.739   -1.432   -1.378   -1.374   -1.333   -1.322   -1.322   -1.313   -1.313
   -1.270   -1.270   -1.229   -1.229   -1.212   -1.212   -1.123   -1.123   -1.086   -1.086
   -1.059   -1.059   -0.670   -0.670   -0.586   -0.586   -0.583   -0.583   -0.417   -0.417
   -0.282   -0.273   -0.253   -0.253   -0.164   -0.164   -0.161   -0.161    0.100    0.126
    0.126    0.185    0.185    0.190    0.472    0.520    0.528    0.528    2.426    2.499
    2.649    2.649    2.686    2.686    2.717    2.778    2.825    2.825    2.858    2.858
    2.872    2.872    3.107    3.110    3.110    3.112    3.121    3.121    3.122    3.122
    3.135    3.138    3.140    3.140    3.187    3.187    3.349    3.349    3.403    3.403
    3.426    3.426    3.550    3.550    3.658    3.658    3.760    3.760    3.794    3.846
    3.954    4.029    4.228    4.228    4.230    4.230    4.246    4.246    4.319    4.437
            0.475000  0.331976  0.000000
  -60.249  -60.249  -60.241  -60.239  -60.228  -60.228  -60.227  -60.227  -60.224  -60.224
  -60.219  -60.219  -60.218  -60.218  -60.215  -60.214  -34.520  -34.520  -34.516  -34.516
  -34.495  -34.495  -34.490  -34.479  -34.447  -34.447  -34.432  -34.432  -34.387  -34.371
  -34.371  -34.371  -34.355  -34.350  -34.336  -34.329  -34.329  -34.326  -34.326  -34.319
  -34.319  -34.314  -34.310  -34.310  -34.308  -34.308  -34.302  -34.302  -34.302  -34.301
  -34.294  -34.294  -34.268  -34.268  -34.266  -34.266  -34.257  -34.257  -34.240  -34.240
  -34.229  -34.221  -34.198  -34.198  -13.189  -13.189  -12.839  -12.725  -12.170  -12.170
  -12.090  -12.090  -12.015  -12.015  -11.908  -11.908  -11.872  -11.825  -11.621  -11.621
  -11.599  -11.599  -11.568  -11.568  -11.558  -11.558  -11.503  -11.503  -11.381  -11.381
  -11.374  -11.354  -11.354  -11.349  -11.256  -11.242   -4.794   -4.794   -4.794   -4.794
   -4.757   -4.757   -4.683   -4.683   -4.647   -4.592   -4.438   -4.438   -4.370   -4.365
   -4.365   -4.335   -4.302   -4.216   -4.216   -4.194   -4.123   -4.123   -3.745   -3.745
   -3.486   -3.486   -3.357   -3.357   -3.275   -3.275   -3.268   -3.268   -3.261   -3.261
   -3.235   -3.227   -3.152   -3.152   -3.147   -3.147   -3.053   -2.948   -2.666   -2.552
   -2.522   -2.522   -2.520   -2.520   -2.515   -2.515   -2.499   -2.499   -2.451   -2.443
   -2.443   -2.421   -2.344   -2.337   -2.337   -2.292   -2.109   -1.923   -1.923   -1.918
   -1.738   -1.738   -1.439   -1.382   -1.369   -1.332   -1.332   -1.328   -1.316   -1.316
   -1.265   -1.265   -1.220   -1.220   -1.214   -1.214   -1.126   -1.126   -1.082   -1.082
   -1.058   -1.058   -0.679   -0.679   -0.588   -0.588   -0.577   -0.577   -0.416   -0.416
   -0.283   -0.273   -0.250   -0.250   -0.165   -0.165   -0.160   -0.160    0.091    0.120
    0.120    0.191    0.191    0.199    0.467    0.525    0.527    0.527    2.419    2.506
    2.646    2.646    2.690    2.690    2.712    2.785    2.824    2.824    2.856    2.856
    2.873    2.873    3.105    3.110    3.111    3.111    3.121    3.121    3.122    3.122
    3.139    3.140    3.140    3.141    3.186    3.186    3.341    3.341    3.402    3.402
    3.434    3.434    3.539    3.539    3.669    3.670    3.762    3.762    3.790    3.852
    3.946    4.036    4.227    4.227    4.227    4.227    4.246    4.246    4.306    4.448
            0.470833  0.339193  0.000000
  -60.249  -60.249  -60.242  -60.239  -60.228  -60.228  -60.227  -60.227  -60.224  -60.224
  -60.219  -60.219  -60.218  -60.218  -60.215  -60.214  -34.520  -34.520  -34.516  -34.516
  -34.495  -34.495  -34.491  -34.478  -34.448  -34.448  -34.431  -34.431  -34.388  -34.371
  -34.371  -34.370  -34.356  -34.350  -34.338  -34.329  -34.329  -34.325  -34.325  -34.319
  -34.319  -34.312  -34.310  -34.310  -34.308  -34.308  -34.303  -34.303  -34.302  -34.301
  -34.293  -34.293  -34.269  -34.269  -34.266  -34.266  -34.257  -34.257  -34.240  -34.240
  -34.229  -34.220  -34.198  -34.198  -13.189  -13.189  -12.849  -12.715  -12.176  -12.176
  -12.083  -12.083  -12.015  -12.015  -11.907  -11.907  -11.876  -11.821  -11.627  -11.627
  -11.602  -11.601  -11.565  -11.565  -11.553  -11.553  -11.503  -11.503  -11.384  -11.384
  -11.376  -11.352  -11.352  -11.347  -11.258  -11.241   -4.794   -4.794   -4.793   -4.793
   -4.756   -4.756   -4.683   -4.683   -4.651   -4.587   -4.444   -4.444   -4.377   -4.360
   -4.360   -4.346   -4.298   -4.223   -4.223   -4.182   -4.114   -4.114   -3.746   -3.746
   -3.497   -3.497   -3.345   -3.345   -3.277   -3.277   -3.268   -3.268   -3.259   -3.259
   -3.237   -3.227   -3.153   -3.153   -3.147   -3.147   -3.061   -2.938   -2.681   -2.563
   -2.522   -2.522   -2.522   -2.522   -2.514   -2.514   -2.497   -2.497   -2.444   -2.444
   -2.431   -2.410   -2.348   -2.338   -2.338   -2.288   -2.124   -1.924   -1.924   -1.902
   -1.738   -1.738   -1.445   -1.387   -1.364   -1.342   -1.342   -1.324   -1.319   -1.319
   -1.259   -1.259   -1.216   -1.216   -1.211   -1.211   -1.130   -1.130   -1.078   -1.078
   -1.057   -1.057   -0.687   -0.687   -0.593   -0.593   -0.569   -0.569   -0.414   -0.414
   -0.284   -0.273   -0.247   -0.247   -0.164   -0.164   -0.159   -0.159    0.082    0.114
    0.114    0.196    0.196    0.209    0.462    0.527    0.527    0.530    2.412    2.514
    2.643    2.643    2.694    2.694    2.706    2.791    2.824    2.824    2.853    2.853
    2.873    2.873    3.103    3.108    3.111    3.111    3.120    3.120    3.122    3.122
    3.139    3.139    3.142    3.145    3.185    3.185    3.334    3.334    3.401    3.401
    3.442    3.442    3.529    3.529    3.681    3.681    3.763    3.763    3.785    3.858
    3.938    4.042    4.224    4.224    4.226    4.226    4.247    4.247    4.294    4.460
            0.466667  0.346410  0.000000
  -60.249  -60.249  -60.242  -60.239  -60.228  -60.228  -60.227  -60.227  -60.224  -60.224
  -60.219  -60.219  -60.218  -60.218  -60.215  -60.214  -34.520  -34.520  -34.515  -34.515
  -34.495  -34.495  -34.491  -34.477  -34.450  -34.450  -34.429  -34.429  -34.390  -34.371
  -34.371  -34.368  -34.356  -34.350  -34.340  -34.329  -34.329  -34.325  -34.325  -34.319
  -34.319  -34.310  -34.310  -34.310  -34.308  -34.308  -34.304  -34.304  -34.302  -34.301
  -34.292  -34.292  -34.269  -34.269  -34.266  -34.266  -34.257  -34.257  -34.240  -34.240
  -34.230  -34.220  -34.198  -34.198  -13.188  -13.188  -12.858  -12.705  -12.183  -12.183
  -12.077  -12.077  -12.015  -12.015  -11.907  -11.907  -11.880  -11.817  -11.633  -11.633
  -11.604  -11.604  -11.562  -11.562  -11.549  -11.549  -11.503  -11.503  -11.386  -11.386
  -11.378  -11.350  -11.350  -11.345  -11.259  -11.240   -4.793   -4.793   -4.792   -4.792
   -4.755   -4.755   -4.682   -4.682   -4.655   -4.582   -4.451   -4.451   -4.383   -4.358
   -4.354   -4.354   -4.293   -4.230   -4.230   -4.171   -4.106   -4.106   -3.746   -3.746
   -3.507   -3.507   -3.334   -3.334   -3.278   -3.278   -3.268   -3.268   -3.258   -3.258
   -3.240   -3.228   -3.154   -3.154   -3.147   -3.147   -3.068   -2.928   -2.696   -2.574
   -2.523   -2.523   -2.521   -2.521   -2.513   -2.513   -2.495   -2.495   -2.446   -2.446
   -2.411   -2.399   -2.352   -2.340   -2.340   -2.284   -2.140   -1.925   -1.925   -1.886
   -1.737   -1.737   -1.452   -1.391   -1.359   -1.352   -1.352   -1.322   -1.322   -1.320
   -1.253   -1.253   -1.219   -1.219   -1.203   -1.203   -1.133   -1.133   -1.075   -1.075
   -1.056   -1.056   -0.696   -0.696   -0.599   -0.599   -0.562   -0.562   -0.413   -0.413
   -0.286   -0.273   -0.244   -0.244   -0.164   -0.164   -0.158   -0.158    0.074    0.107
    0.107    0.201    0.201    0.218    0.458    0.526    0.526    0.535    2.405    2.522
    2.640    2.640    2.698    2.698    2.701    2.798    2.824    2.824    2.851    2.851
    2.873    2.873    3.101    3.107    3.112    3.112    3.120    3.120    3.122    3.122
    3.138    3.138    3.146    3.148    3.184    3.184    3.327    3.327    3.400    3.400
    3.450    3.450    3.520    3.520    3.693    3.693    3.765    3.765    3.781    3.865
    3.930    4.049    4.221    4.222    4.224    4.224    4.247    4.247    4.282    4.472
            0.462500  0.353627  0.000000
  -60.249  -60.249  -60.242  -60.238  -60.229  -60.229  -60.226  -60.226  -60.224  -60.224
  -60.219  -60.219  -60.218  -60.218  -60.215  -60.214  -34.521  -34.520  -34.515  -34.515
  -34.495  -34.495  -34.492  -34.476  -34.451  -34.451  -34.428  -34.428  -34.391  -34.371
  -34.371  -34.367  -34.356  -34.349  -34.342  -34.329  -34.329  -34.325  -34.325  -34.319
  -34.319  -34.310  -34.310  -34.309  -34.307  -34.307  -34.305  -34.305  -34.302  -34.301
  -34.292  -34.292  -34.269  -34.269  -34.266  -34.266  -34.258  -34.258  -34.240  -34.240
  -34.231  -34.219  -34.198  -34.198  -13.187  -13.187  -12.867  -12.695  -12.189  -12.189
  -12.070  -12.070  -12.014  -12.014  -11.907  -11.907  -11.883  -11.813  -11.639  -11.639
  -11.607  -11.607  -11.560  -11.560  -11.544  -11.544  -11.502  -11.502  -11.389  -11.389
  -11.381  -11.348  -11.348  -11.343  -11.260  -11.239   -4.791   -4.791   -4.791   -4.791
   -4.755   -4.755   -4.681   -4.681   -4.659   -4.576   -4.458   -4.458   -4.390   -4.369
   -4.349   -4.349   -4.289   -4.237   -4.237   -4.159   -4.097   -4.097   -3.747   -3.747
   -3.518   -3.518   -3.323   -3.323   -3.279   -3.279   -3.267   -3.267   -3.257   -3.257
   -3.243   -3.229   -3.155   -3.155   -3.147   -3.147   -3.075   -2.918   -2.711   -2.586
   -2.525   -2.525   -2.521   -2.521   -2.512   -2.512   -2.494   -2.494   -2.447   -2.447
   -2.391   -2.388   -2.356   -2.341   -2.341   -2.279   -2.155   -1.926   -1.926   -1.870
   -1.737   -1.737   -1.459   -1.396   -1.362   -1.362   -1.354   -1.324   -1.324   -1.315
   -1.247   -1.247   -1.222   -1.222   -1.194   -1.194   -1.137   -1.137   -1.071   -1.071
   -1.054   -1.054   -0.705   -0.705   -0.605   -0.605   -0.554   -0.554   -0.411   -0.411
   -0.288   -0.273   -0.240   -0.240   -0.164   -0.164   -0.157   -0.157    0.065    0.101
    0.101    0.207    0.207    0.227    0.453    0.526    0.526    0.539    2.398    2.529
    2.636    2.636    2.695    2.702    2.702    2.804    2.824    2.824    2.849    2.849
    2.873    2.873    3.099    3.105    3.112    3.112    3.120    3.120    3.122    3.122
    3.137    3.137    3.150    3.152    3.182    3.182    3.320    3.320    3.399    3.399
    3.458    3.458    3.510    3.510    3.704    3.704    3.767    3.767    3.778    3.871
    3.922    4.055    4.219    4.219    4.222    4.222    4.247    4.247    4.270    4.483
            0.458333  0.360844  0.000000
  -60.249  -60.249  -60.242  -60.238  -60.229  -60.229  -60.226  -60.226  -60.224  -60.224
  -60.219  -60.219  -60.218  -60.218  -60.215  -60.214  -34.521  -34.521  -34.514  -34.514
  -34.494  -34.494  -34.493  -34.475  -34.452  -34.452  -34.427  -34.427  -34.392  -34.371
  -34.371  -34.366  -34.357  -34.349  -34.343  -34.329  -34.329  -34.325  -34.325  -34.319
  -34.319  -34.311  -34.311  -34.307  -34.307  -34.307  -34.305  -34.305  -34.302  -34.301
  -34.291  -34.291  -34.269  -34.269  -34.265  -34.265  -34.258  -34.258  -34.240  -34.240
  -34.232  -34.218  -34.198  -34.198  -13.187  -13.187  -12.876  -12.685  -12.195  -12.195
  -12.063  -12.063  -12.014  -12.014  -11.906  -11.906  -11.887  -11.809  -11.645  -11.645
  -11.609  -11.609  -11.557  -11.557  -11.540  -11.540  -11.502  -11.502  -11.391  -11.391
  -11.383  -11.346  -11.346  -11.342  -11.262  -11.238   -4.790   -4.790   -4.790   -4.790
   -4.754   -4.754   -4.680   -4.680   -4.663   -4.571   -4.465   -4.465   -4.396   -4.381
   -4.344   -4.344   -4.284   -4.244   -4.244   -4.148   -4.088   -4.088   -3.747   -3.747
   -3.528   -3.528   -3.312   -3.312   -3.280   -3.280   -3.267   -3.267   -3.255   -3.255
   -3.246   -3.229   -3.156   -3.156   -3.147   -3.147   -3.082   -2.907   -2.725   -2.597
   -2.526   -2.526   -2.521   -2.521   -2.511   -2.511   -2.492   -2.492   -2.448   -2.448
   -2.377   -2.370   -2.361   -2.343   -2.343   -2.275   -2.170   -1.927   -1.927   -1.854
   -1.736   -1.736   -1.465   -1.400   -1.372   -1.372   -1.349   -1.327   -1.327   -1.311
   -1.241   -1.241   -1.225   -1.225   -1.186   -1.186   -1.140   -1.140   -1.067   -1.067
   -1.053   -1.053   -0.714   -0.714   -0.612   -0.612   -0.546   -0.546   -0.409   -0.409
   -0.290   -0.273   -0.236   -0.236   -0.164   -0.164   -0.156   -0.156    0.056    0.095
    0.095    0.212    0.212    0.235    0.448    0.525    0.525    0.544    2.392    2.537
    2.633    2.633    2.690    2.706    2.706    2.811    2.823    2.823    2.846    2.846
    2.873    2.873    3.098    3.104    3.113    3.113    3.120    3.120    3.123    3.123
    3.136    3.136    3.154    3.155    3.181    3.181    3.313    3.313    3.398    3.398
    3.466    3.466    3.500    3.500    3.716    3.716    3.769    3.769    3.774    3.878
    3.913    4.062    4.215    4.215    4.220    4.220    4.246    4.246    4.258    4.494
            0.454167  0.368061  0.000000
  -60.249  -60.249  -60.242  -60.238  -60.229  -60.229  -60.226  -60.226  -60.224  -60.224
  -60.219  -60.219  -60.218  -60.218  -60.215  -60.214  -34.521  -34.521  -34.514  -34.514
  -34.494  -34.494  -34.494  -34.475  -34.454  -34.454  -34.426  -34.426  -34.393  -34.371
  -34.371  -34.364  -34.357  -34.348  -34.345  -34.330  -34.330  -34.324  -34.324  -34.319
  -34.319  -34.311  -34.311  -34.307  -34.307  -34.306  -34.306  -34.305  -34.302  -34.301
  -34.290  -34.290  -34.269  -34.269  -34.265  -34.265  -34.258  -34.258  -34.241  -34.241
  -34.232  -34.218  -34.198  -34.198  -13.186  -13.186  -12.885  -12.675  -12.202  -12.202
  -12.057  -12.057  -12.014  -12.014  -11.905  -11.905  -11.891  -11.805  -11.652  -11.652
  -11.612  -11.612  -11.555  -11.555  -11.536  -11.536  -11.502  -11.502  -11.394  -11.394
  -11.385  -11.344  -11.344  -11.340  -11.263  -11.237   -4.789   -4.789   -4.788   -4.788
   -4.753   -4.753   -4.679   -4.679   -4.666   -4.566   -4.472   -4.472   -4.403   -4.392
   -4.339   -4.339   -4.280   -4.251   -4.251   -4.136   -4.080   -4.080   -3.748   -3.748
   -3.538   -3.538   -3.301   -3.301   -3.280   -3.280   -3.266   -3.266   -3.254   -3.254
   -3.249   -3.230   -3.157   -3.157   -3.148   -3.148   -3.088   -2.897   -2.738   -2.608
   -2.528   -2.528   -2.520   -2.520   -2.510   -2.510   -2.490   -2.490   -2.450   -2.450
   -2.366   -2.365   -2.349   -2.345   -2.345   -2.271   -2.185   -1.928   -1.928   -1.838
   -1.735   -1.735   -1.472   -1.404   -1.382   -1.382   -1.345   -1.329   -1.329   -1.307
   -1.235   -1.235   -1.229   -1.229   -1.178   -1.178   -1.143   -1.143   -1.063   -1.063
   -1.051   -1.051   -0.722   -0.722   -0.620   -0.620   -0.538   -0.538   -0.407   -0.407
   -0.291   -0.273   -0.232   -0.232   -0.164   -0.164   -0.155   -0.155    0.048    0.089
    0.089    0.217    0.217    0.244    0.443    0.524    0.524    0.548    2.385    2.545
    2.631    2.631    2.685    2.710    2.710    2.818    2.823    2.823    2.843    2.843
    2.873    2.873    3.097    3.102    3.114    3.114    3.120    3.120    3.123    3.123
    3.134    3.134    3.159    3.159    3.179    3.179    3.306    3.306    3.397    3.397
    3.474    3.474    3.491    3.491    3.728    3.728    3.770    3.772    3.772    3.885
    3.905    4.068    4.212    4.212    4.218    4.218    4.246    4.246    4.246    4.506
            0.450000  0.375278  0.000000
  -60.249  -60.249  -60.243  -60.238  -60.229  -60.229  -60.226  -60.226  -60.224  -60.224
  -60.220  -60.220  -60.218  -60.218  -60.215  -60.214  -34.521  -34.521  -34.513  -34.513
  -34.495  -34.494  -34.494  -34.474  -34.455  -34.455  -34.425  -34.425  -34.395  -34.371
  -34.371  -34.363  -34.358  -34.348  -34.347  -34.330  -34.330  -34.324  -34.324  -34.319
  -34.319  -34.311  -34.311  -34.307  -34.307  -34.307  -34.307  -34.303  -34.302  -34.301
  -34.290  -34.290  -34.269  -34.269  -34.265  -34.265  -34.258  -34.258  -34.241  -34.241
  -34.233  -34.217  -34.198  -34.198  -13.185  -13.185  -12.894  -12.665  -12.208  -12.208
  -12.050  -12.050  -12.013  -12.013  -11.905  -11.905  -11.894  -11.801  -11.658  -11.658
  -11.614  -11.614  -11.552  -11.552  -11.532  -11.532  -11.502  -11.502  -11.397  -11.397
  -11.388  -11.342  -11.342  -11.338  -11.265  -11.236   -4.787   -4.787   -4.787   -4.787
   -4.752   -4.752   -4.678   -4.678   -4.670   -4.560   -4.479   -4.479   -4.410   -4.404
   -4.335   -4.335   -4.276   -4.257   -4.257   -4.125   -4.071   -4.071   -3.748   -3.748
   -3.548   -3.548   -3.290   -3.290   -3.281   -3.281   -3.265   -3.265   -3.253   -3.253
   -3.253   -3.231   -3.158   -3.158   -3.148   -3.148   -3.095   -2.886   -2.751   -2.620
   -2.529   -2.529   -2.520   -2.520   -2.508   -2.508   -2.488   -2.488   -2.452   -2.452
   -2.369   -2.355   -2.347   -2.347   -2.328   -2.267   -2.200   -1.930   -1.930   -1.822
   -1.734   -1.734   -1.479   -1.409   -1.392   -1.392   -1.341   -1.331   -1.331   -1.303
   -1.233   -1.233   -1.229   -1.229   -1.169   -1.169   -1.147   -1.147   -1.060   -1.060
   -1.049   -1.049   -0.731   -0.731   -0.628   -0.628   -0.531   -0.531   -0.405   -0.405
   -0.293   -0.273   -0.228   -0.228   -0.163   -0.163   -0.154   -0.154    0.039    0.082
    0.082    0.223    0.223    0.253    0.439    0.523    0.523    0.553    2.379    2.552
    2.628    2.628    2.680    2.714    2.714    2.822    2.822    2.825    2.840    2.840
    2.872    2.872    3.096    3.101    3.115    3.115    3.120    3.120    3.123    3.123
    3.133    3.133    3.163    3.163    3.177    3.177    3.300    3.300    3.395    3.395
    3.482    3.482    3.482    3.482    3.740    3.740    3.767    3.774    3.774    3.892
    3.897    4.074    4.209    4.209    4.216    4.216    4.234    4.245    4.245    4.517
            0.445833  0.382494  0.000000
  -60.249  -60.249  -60.243  -60.238  -60.229  -60.229  -60.226  -60.226  -60.224  -60.224
  -60.220  -60.220  -60.217  -60.217  -60.215  -60.214  -34.521  -34.521  -34.513  -34.513
  -34.496  -34.494  -34.494  -34.473  -34.456  -34.456  -34.424  -34.424  -34.396  -34.371
  -34.371  -34.362  -34.358  -34.349  -34.347  -34.330  -34.330  -34.324  -34.324  -34.319
  -34.319  -34.311  -34.311  -34.307  -34.307  -34.307  -34.307  -34.302  -34.301  -34.300
  -34.289  -34.289  -34.269  -34.269  -34.265  -34.265  -34.258  -34.258  -34.241  -34.241
  -34.234  -34.217  -34.198  -34.198  -13.183  -13.183  -12.903  -12.655  -12.215  -12.215
  -12.043  -12.043  -12.013  -12.013  -11.904  -11.904  -11.898  -11.797  -11.664  -11.664
  -11.617  -11.617  -11.549  -11.549  -11.528  -11.528  -11.501  -11.501  -11.399  -11.399
  -11.390  -11.340  -11.340  -11.337  -11.266  -11.235   -4.786   -4.786   -4.785   -4.785
   -4.751   -4.751   -4.677   -4.677   -4.673   -4.555   -4.486   -4.486   -4.417   -4.415
   -4.330   -4.330   -4.273   -4.264   -4.264   -4.113   -4.062   -4.062   -3.749   -3.749
   -3.558   -3.558   -3.282   -3.282   -3.278   -3.278   -3.265   -3.265   -3.257   -3.251
   -3.251   -3.232   -3.160   -3.160   -3.148   -3.148   -3.101   -2.876   -2.763   -2.631
   -2.530   -2.530   -2.519   -2.519   -2.507   -2.507   -2.487   -2.487   -2.454   -2.454
   -2.373   -2.350   -2.350   -2.344   -2.307   -2.263   -2.214   -1.931   -1.931   -1.806
   -1.733   -1.733   -1.486   -1.413   -1.403   -1.403   -1.337   -1.333   -1.333   -1.299
   -1.237   -1.237   -1.222   -1.222   -1.161   -1.161   -1.150   -1.150   -1.056   -1.056
   -1.047   -1.047   -0.740   -0.740   -0.637   -0.637   -0.524   -0.524   -0.402   -0.402
   -0.295   -0.274   -0.223   -0.223   -0.163   -0.163   -0.153   -0.153    0.031    0.076
    0.076    0.228    0.228    0.262    0.434    0.522    0.522    0.557    2.373    2.560
    2.625    2.625    2.675    2.718    2.718    2.822    2.822    2.831    2.837    2.837
    2.872    2.872    3.095    3.100    3.116    3.116    3.120    3.120    3.124    3.124
    3.131    3.131    3.167    3.168    3.176    3.176    3.293    3.293    3.394    3.394
    3.473    3.473    3.489    3.489    3.752    3.752    3.763    3.777    3.777    3.888
    3.899    4.080    4.205    4.205    4.213    4.213    4.222    4.244    4.244    4.528
            0.441667  0.389711  0.000000
  -60.249  -60.249  -60.243  -60.237  -60.229  -60.229  -60.226  -60.226  -60.224  -60.224
  -60.220  -60.220  -60.217  -60.217  -60.215  -60.214  -34.521  -34.521  -34.512  -34.512
  -34.497  -34.494  -34.494  -34.472  -34.458  -34.458  -34.422  -34.422  -34.397  -34.371
  -34.371  -34.360  -34.358  -34.351  -34.347  -34.330  -34.330  -34.324  -34.324  -34.319
  -34.319  -34.311  -34.311  -34.308  -34.308  -34.307  -34.307  -34.302  -34.300  -34.299
  -34.288  -34.288  -34.269  -34.269  -34.264  -34.264  -34.259  -34.259  -34.241  -34.241
  -34.234  -34.216  -34.198  -34.198  -13.182  -13.182  -12.912  -12.645  -12.221  -12.221
  -12.037  -12.037  -12.012  -12.012  -11.903  -11.903  -11.902  -11.793  -11.671  -11.671
  -11.619  -11.619  -11.547  -11.547  -11.524  -11.524  -11.501  -11.501  -11.402  -11.402
  -11.392  -11.339  -11.339  -11.335  -11.267  -11.235   -4.784   -4.784   -4.783   -4.783
   -4.750   -4.750   -4.676   -4.676   -4.676   -4.549   -4.493   -4.493   -4.426   -4.424
   -4.325   -4.325   -4.270   -4.270   -4.269   -4.102   -4.053   -4.053   -3.750   -3.750
   -3.568   -3.568   -3.283   -3.283   -3.267   -3.267   -3.264   -3.264   -3.261   -3.250
   -3.250   -3.234   -3.161   -3.161   -3.149   -3.149   -3.107   -2.865   -2.775   -2.643
   -2.532   -2.532   -2.519   -2.519   -2.506   -2.506   -2.485   -2.485   -2.456   -2.456
   -2.377   -2.352   -2.352   -2.333   -2.286   -2.260   -2.229   -1.933   -1.933   -1.790
   -1.732   -1.732   -1.493   -1.417   -1.413   -1.413   -1.335   -1.335   -1.333   -1.295
   -1.241   -1.241   -1.215   -1.215   -1.153   -1.153   -1.153   -1.153   -1.052   -1.052
   -1.045   -1.045   -0.749   -0.749   -0.646   -0.646   -0.516   -0.516   -0.399   -0.399
   -0.298   -0.274   -0.219   -0.219   -0.162   -0.162   -0.151   -0.151    0.023    0.069
    0.069    0.233    0.233    0.271    0.429    0.522    0.522    0.561    2.367    2.567
    2.622    2.622    2.670    2.722    2.722    2.821    2.821    2.834    2.834    2.838
    2.871    2.871    3.094    3.099    3.117    3.117    3.119    3.119    3.124    3.124
    3.130    3.130    3.171    3.173    3.174    3.174    3.287    3.287    3.392    3.392
    3.464    3.464    3.497    3.497    3.760    3.764    3.764    3.780    3.780    3.880
    3.906    4.086    4.202    4.202    4.210    4.210    4.210    4.243    4.243    4.539
            0.437500  0.396928  0.000000
  -60.249  -60.249  -60.243  -60.237  -60.229  -60.229  -60.226  -60.226  -60.224  -60.224
  -60.220  -60.220  -60.217  -60.217  -60.215  -60.214  -34.521  -34.521  -34.512  -34.512
  -34.497  -34.494  -34.494  -34.471  -34.459  -34.459  -34.421  -34.421  -34.398  -34.370
  -34.370  -34.359  -34.359  -34.353  -34.347  -34.331  -34.331  -34.324  -34.324  -34.319
  -34.319  -34.312  -34.312  -34.309  -34.309  -34.307  -34.307  -34.302  -34.300  -34.298
  -34.287  -34.287  -34.269  -34.269  -34.264  -34.264  -34.259  -34.259  -34.242  -34.242
  -34.235  -34.216  -34.199  -34.199  -13.181  -13.181  -12.920  -12.635  -12.227  -12.227
  -12.030  -12.030  -12.012  -12.012  -11.905  -11.903  -11.903  -11.789  -11.677  -11.677
  -11.622  -11.622  -11.544  -11.544  -11.520  -11.520  -11.500  -11.500  -11.405  -11.405
  -11.395  -11.337  -11.337  -11.334  -11.269  -11.234   -4.782   -4.782   -4.781   -4.781
   -4.749   -4.749   -4.680   -4.674   -4.674   -4.544   -4.500   -4.500   -4.437   -4.431
   -4.321   -4.321   -4.277   -4.277   -4.266   -4.091   -4.044   -4.044   -3.751   -3.751
   -3.578   -3.578   -3.284   -3.284   -3.266   -3.263   -3.263   -3.256   -3.256   -3.249
   -3.249   -3.235   -3.163   -3.163   -3.149   -3.149   -3.112   -2.854   -2.786   -2.655
   -2.533   -2.533   -2.518   -2.518   -2.504   -2.504   -2.483   -2.483   -2.458   -2.458
   -2.381   -2.355   -2.355   -2.322   -2.265   -2.256   -2.243   -1.935   -1.935   -1.774
   -1.731   -1.731   -1.499   -1.423   -1.423   -1.421   -1.336   -1.336   -1.330   -1.291
   -1.246   -1.246   -1.208   -1.208   -1.156   -1.156   -1.145   -1.145   -1.048   -1.048
   -1.043   -1.043   -0.757   -0.757   -0.655   -0.655   -0.509   -0.509   -0.397   -0.397
   -0.300   -0.275   -0.214   -0.214   -0.162   -0.162   -0.150   -0.150    0.015    0.063
    0.063    0.237    0.237    0.280    0.425    0.521    0.521    0.566    2.361    2.575
    2.620    2.620    2.665    2.726    2.726    2.821    2.821    2.831    2.831    2.845
    2.870    2.870    3.093    3.098    3.118    3.118    3.119    3.119    3.124    3.124
    3.128    3.128    3.172    3.172    3.175    3.177    3.280    3.280    3.391    3.391
    3.455    3.455    3.505    3.505    3.757    3.776    3.776    3.783    3.783    3.871
    3.914    4.091    4.198    4.198    4.198    4.207    4.207    4.242    4.242    4.550
            0.433333  0.404145  0.000000
  -60.249  -60.249  -60.243  -60.237  -60.229  -60.229  -60.226  -60.226  -60.224  -60.224
  -60.220  -60.220  -60.217  -60.217  -60.215  -60.214  -34.521  -34.521  -34.511  -34.511
  -34.498  -34.494  -34.494  -34.470  -34.460  -34.460  -34.420  -34.420  -34.399  -34.370
  -34.370  -34.359  -34.357  -34.354  -34.346  -34.331  -34.331  -34.323  -34.323  -34.319
  -34.319  -34.312  -34.312  -34.309  -34.309  -34.307  -34.306  -34.302  -34.300  -34.296
  -34.287  -34.287  -34.269  -34.269  -34.264  -34.264  -34.259  -34.259  -34.242  -34.242
  -34.236  -34.215  -34.199  -34.199  -13.180  -13.180  -12.929  -12.625  -12.234  -12.234
  -12.023  -12.023  -12.011  -12.011  -11.909  -11.902  -11.902  -11.784  -11.684  -11.684
  -11.624  -11.624  -11.542  -11.542  -11.516  -11.516  -11.500  -11.500  -11.408  -11.408
  -11.397  -11.335  -11.335  -11.332  -11.270  -11.233   -4.780   -4.780   -4.779   -4.779
   -4.747   -4.747   -4.683   -4.673   -4.673   -4.538   -4.508   -4.508   -4.448   -4.438
   -4.317   -4.317   -4.283   -4.283   -4.263   -4.079   -4.035   -4.035   -3.752   -3.752
   -3.588   -3.588   -3.284   -3.284   -3.271   -3.262   -3.262   -3.247   -3.247   -3.245
   -3.245   -3.236   -3.164   -3.164   -3.149   -3.149   -3.118   -2.843   -2.797   -2.667
   -2.534   -2.534   -2.517   -2.517   -2.503   -2.503   -2.482   -2.482   -2.461   -2.461
   -2.385   -2.358   -2.358   -2.311   -2.257   -2.252   -2.243   -1.936   -1.936   -1.758
   -1.730   -1.730   -1.506   -1.434   -1.434   -1.425   -1.337   -1.337   -1.326   -1.287
   -1.251   -1.251   -1.201   -1.201   -1.160   -1.160   -1.138   -1.138   -1.045   -1.045
   -1.040   -1.040   -0.766   -0.766   -0.665   -0.665   -0.502   -0.502   -0.394   -0.394
   -0.302   -0.276   -0.209   -0.209   -0.161   -0.161   -0.148   -0.148    0.007    0.057
    0.057    0.242    0.242    0.288    0.420    0.519    0.519    0.570    2.355    2.583
    2.617    2.617    2.660    2.730    2.730    2.820    2.820    2.828    2.828    2.853
    2.869    2.869    3.092    3.098    3.119    3.119    3.119    3.119    3.125    3.125
    3.126    3.126    3.169    3.169    3.179    3.182    3.274    3.274    3.389    3.389
    3.446    3.446    3.513    3.513    3.754    3.787    3.787    3.788    3.788    3.863
    3.921    4.097    4.186    4.194    4.194    4.204    4.204    4.240    4.240    4.561
            0.429167  0.411362  0.000000
  -60.249  -60.249  -60.244  -60.237  -60.229  -60.229  -60.225  -60.225  -60.224  -60.224
  -60.220  -60.220  -60.217  -60.217  -60.215  -60.214  -34.521  -34.521  -34.510  -34.510
  -34.499  -34.494  -34.494  -34.470  -34.461  -34.461  -34.419  -34.419  -34.400  -34.370
  -34.370  -34.360  -34.356  -34.356  -34.346  -34.331  -34.331  -34.323  -34.323  -34.319
  -34.319  -34.312  -34.312  -34.310  -34.310  -34.306  -34.306  -34.303  -34.300  -34.294
  -34.286  -34.286  -34.270  -34.270  -34.264  -34.264  -34.259  -34.259  -34.242  -34.242
  -34.237  -34.214  -34.199  -34.199  -13.178  -13.178  -12.938  -12.615  -12.240  -12.240
  -12.016  -12.016  -12.011  -12.011  -11.912  -11.901  -11.901  -11.780  -11.691  -11.691
  -11.627  -11.627  -11.539  -11.539  -11.512  -11.512  -11.500  -11.500  -11.410  -11.410
  -11.400  -11.333  -11.333  -11.331  -11.272  -11.232   -4.777   -4.777   -4.777   -4.777
   -4.746   -4.746   -4.686   -4.671   -4.671   -4.532   -4.515   -4.515   -4.460   -4.445
   -4.313   -4.313   -4.289   -4.289   -4.260   -4.068   -4.026   -4.026   -3.753   -3.753
   -3.598   -3.598   -3.285   -3.285   -3.276   -3.261   -3.261   -3.246   -3.246   -3.238
   -3.234   -3.234   -3.166   -3.166   -3.150   -3.150   -3.123   -2.832   -2.807   -2.679
   -2.535   -2.535   -2.516   -2.516   -2.501   -2.501   -2.480   -2.480   -2.463   -2.463
   -2.389   -2.361   -2.361   -2.299   -2.271   -2.248   -2.221   -1.939   -1.939   -1.743
   -1.728   -1.728   -1.513   -1.445   -1.445   -1.429   -1.339   -1.339   -1.323   -1.283
   -1.256   -1.256   -1.193   -1.193   -1.163   -1.163   -1.130   -1.130   -1.041   -1.041
   -1.038   -1.038   -0.775   -0.775   -0.675   -0.675   -0.495   -0.495   -0.391   -0.391
   -0.305   -0.277   -0.204   -0.204   -0.160   -0.160   -0.147   -0.147   -0.001    0.050
    0.050    0.247    0.247    0.297    0.416    0.518    0.518    0.574    2.350    2.590
    2.615    2.615    2.656    2.734    2.734    2.820    2.820    2.825    2.825    2.860
    2.867    2.867    3.092    3.097    3.119    3.119    3.120    3.120    3.124    3.124
    3.125    3.125    3.167    3.167    3.184    3.187    3.268    3.268    3.387    3.387
    3.438    3.438    3.520    3.520    3.752    3.790    3.790    3.800    3.800    3.854
    3.929    4.102    4.173    4.190    4.190    4.201    4.201    4.239    4.239    4.572
            0.425000  0.418579  0.000000
  -60.249  -60.249  -60.244  -60.237  -60.230  -60.230  -60.225  -60.225  -60.224  -60.224
  -60.220  -60.220  -60.217  -60.217  -60.215  -60.214  -34.521  -34.521  -34.510  -34.510
  -34.500  -34.494  -34.494  -34.469  -34.463  -34.463  -34.418  -34.418  -34.401  -34.370
  -34.370  -34.360  -34.358  -34.355  -34.345  -34.331  -34.331  -34.323  -34.323  -34.319
  -34.319  -34.312  -34.312  -34.311  -34.311  -34.306  -34.306  -34.303  -34.300  -34.292
  -34.285  -34.285  -34.270  -34.270  -34.263  -34.263  -34.260  -34.260  -34.243  -34.243
  -34.237  -34.214  -34.199  -34.199  -13.176  -13.176  -12.946  -12.604  -12.246  -12.246
  -12.010  -12.010  -12.010  -12.010  -11.916  -11.900  -11.900  -11.776  -11.698  -11.698
  -11.630  -11.630  -11.536  -11.536  -11.509  -11.509  -11.499  -11.499  -11.413  -11.413
  -11.402  -11.332  -11.332  -11.329  -11.273  -11.231   -4.775   -4.775   -4.775   -4.775
   -4.744   -4.744   -4.689   -4.669   -4.669   -4.527   -4.523   -4.523   -4.471   -4.452
   -4.309   -4.309   -4.295   -4.295   -4.258   -4.058   -4.016   -4.016   -3.754   -3.754
   -3.607   -3.607   -3.286   -3.286   -3.282   -3.260   -3.260   -3.245   -3.245   -3.239
   -3.223   -3.223   -3.168   -3.168   -3.151   -3.151   -3.127   -2.821   -2.816   -2.691
   -2.536   -2.536   -2.514   -2.514   -2.500   -2.500   -2.479   -2.479   -2.466   -2.466
   -2.393   -2.364   -2.364   -2.288   -2.284   -2.245   -2.200   -1.941   -1.941   -1.727
   -1.727   -1.727   -1.520   -1.455   -1.455   -1.433   -1.340   -1.340   -1.320   -1.279
   -1.262   -1.262   -1.186   -1.186   -1.166   -1.166   -1.122   -1.122   -1.037   -1.037
   -1.035   -1.035   -0.784   -0.784   -0.686   -0.686   -0.489   -0.489   -0.388   -0.388
   -0.307   -0.277   -0.199   -0.199   -0.160   -0.160   -0.145   -0.145   -0.009    0.044
    0.044    0.251    0.251    0.305    0.411    0.517    0.517    0.578    2.344    2.598
    2.612    2.612    2.651    2.738    2.738    2.819    2.819    2.822    2.822    2.866
    2.866    2.867    3.092    3.097    3.119    3.119    3.121    3.121    3.122    3.122
    3.126    3.126    3.165    3.165    3.188    3.193    3.262    3.262    3.385    3.385
    3.430    3.430    3.528    3.528    3.749    3.794    3.794    3.812    3.812    3.846
    3.937    4.107    4.161    4.186    4.186    4.197    4.197    4.237    4.237    4.583
            0.420833  0.425796  0.000000
  -60.249  -60.249  -60.244  -60.236  -60.230  -60.230  -60.225  -60.225  -60.224  -60.224
  -60.220  -60.220  -60.217  -60.217  -60.215  -60.214  -34.521  -34.521  -34.509  -34.509
  -34.501  -34.494  -34.494  -34.468  -34.464  -34.464  -34.417  -34.417  -34.403  -34.370
  -34.370  -34.360  -34.360  -34.353  -34.345  -34.332  -34.332  -34.323  -34.323  -34.319
  -34.319  -34.313  -34.313  -34.312  -34.312  -34.306  -34.306  -34.303  -34.300  -34.290
  -34.285  -34.285  -34.270  -34.270  -34.263  -34.263  -34.260  -34.260  -34.243  -34.243
  -34.238  -34.213  -34.199  -34.199  -13.175  -13.175  -12.955  -12.594  -12.252  -12.252
  -12.009  -12.009  -12.003  -12.003  -11.919  -11.899  -11.899  -11.772  -11.704  -11.704
  -11.632  -11.632  -11.534  -11.534  -11.505  -11.505  -11.499  -11.499  -11.416  -11.416
  -11.405  -11.330  -11.330  -11.328  -11.274  -11.231   -4.773   -4.773   -4.772   -4.772
   -4.743   -4.743   -4.691   -4.668   -4.668   -4.530   -4.530   -4.521   -4.482   -4.459
   -4.305   -4.305   -4.300   -4.300   -4.255   -4.047   -4.007   -4.007   -3.755   -3.755
   -3.617   -3.617   -3.288   -3.286   -3.286   -3.259   -3.259   -3.244   -3.244   -3.241
   -3.211   -3.211   -3.170   -3.170   -3.151   -3.151   -3.132   -2.825   -2.810   -2.704
   -2.537   -2.537   -2.513   -2.513   -2.498   -2.498   -2.477   -2.477   -2.469   -2.469
   -2.397   -2.367   -2.367   -2.298   -2.277   -2.241   -2.178   -1.943   -1.943   -1.725
   -1.725   -1.711   -1.528   -1.466   -1.466   -1.437   -1.341   -1.341   -1.317   -1.275
   -1.267   -1.267   -1.178   -1.178   -1.169   -1.169   -1.115   -1.115   -1.034   -1.034
   -1.032   -1.032   -0.792   -0.792   -0.697   -0.697   -0.482   -0.482   -0.385   -0.385
   -0.310   -0.279   -0.194   -0.194   -0.159   -0.159   -0.144   -0.144   -0.017    0.037
    0.037    0.256    0.256    0.314    0.407    0.516    0.516    0.581    2.339    2.605
    2.610    2.610    2.647    2.742    2.742    2.818    2.818    2.819    2.819    2.864
    2.864    2.874    3.091    3.096    3.118    3.118    3.119    3.119    3.123    3.123
    3.127    3.127    3.163    3.163    3.193    3.198    3.256    3.256    3.383    3.383
    3.422    3.422    3.535    3.535    3.747    3.798    3.798    3.825    3.825    3.837
    3.945    4.112    4.149    4.182    4.182    4.194    4.194    4.235    4.235    4.594
            0.416666  0.433012  0.000000
  -60.249  -60.249  -60.244  -60.236  -60.230  -60.230  -60.225  -60.225  -60.224  -60.224
  -60.220  -60.220  -60.217  -60.217  -60.215  -60.214  -34.521  -34.521  -34.508  -34.508
  -34.502  -34.494  -34.494  -34.467  -34.465  -34.465  -34.416  -34.416  -34.404  -34.370
  -34.370  -34.362  -34.361  -34.352  -34.345  -34.332  -34.332  -34.322  -34.322  -34.319
  -34.319  -34.313  -34.313  -34.312  -34.312  -34.306  -34.306  -34.303  -34.300  -34.289
  -34.284  -34.284  -34.270  -34.270  -34.263  -34.263  -34.260  -34.260  -34.243  -34.243
  -34.239  -34.213  -34.199  -34.199  -13.173  -13.173  -12.963  -12.584  -12.258  -12.258
  -12.009  -12.009  -11.996  -11.996  -11.923  -11.898  -11.898  -11.768  -11.711  -11.711
  -11.634  -11.634  -11.531  -11.531  -11.502  -11.502  -11.498  -11.498  -11.419  -11.419
  -11.407  -11.329  -11.329  -11.327  -11.276  -11.230   -4.770   -4.770   -4.770   -4.770
   -4.741   -4.741   -4.694   -4.666   -4.666   -4.538   -4.538   -4.515   -4.492   -4.466
   -4.306   -4.306   -4.301   -4.301   -4.253   -4.036   -3.998   -3.998   -3.757   -3.757
   -3.626   -3.626   -3.294   -3.287   -3.287   -3.258   -3.258   -3.242   -3.242   -3.242
   -3.200   -3.200   -3.172   -3.172   -3.152   -3.152   -3.136   -2.833   -2.798   -2.716
   -2.537   -2.537   -2.512   -2.512   -2.497   -2.497   -2.476   -2.476   -2.472   -2.472
   -2.401   -2.370   -2.370   -2.311   -2.266   -2.238   -2.156   -1.945   -1.945   -1.724
   -1.724   -1.696   -1.535   -1.477   -1.477   -1.440   -1.341   -1.341   -1.315   -1.273
   -1.273   -1.271   -1.172   -1.172   -1.170   -1.170   -1.108   -1.108   -1.030   -1.030
   -1.030   -1.030   -0.801   -0.801   -0.708   -0.708   -0.476   -0.476   -0.382   -0.382
   -0.313   -0.280   -0.189   -0.189   -0.158   -0.158   -0.142   -0.142   -0.024    0.031
    0.031    0.260    0.260    0.322    0.402    0.514    0.514    0.585    2.334    2.608
    2.608    2.613    2.643    2.746    2.746    2.815    2.815    2.818    2.818    2.862
    2.863    2.882    3.091    3.096    3.117    3.117    3.118    3.118    3.124    3.124
    3.127    3.127    3.160    3.160    3.197    3.203    3.251    3.251    3.381    3.381
    3.414    3.414    3.542    3.542    3.744    3.801    3.801    3.829    3.837    3.837
    3.954    4.117    4.137    4.178    4.178    4.190    4.190    4.232    4.232    4.604
            0.412500  0.440229  0.000000
  -60.249  -60.249  -60.244  -60.236  -60.230  -60.230  -60.225  -60.225  -60.224  -60.224
  -60.221  -60.221  -60.217  -60.217  -60.216  -60.214  -34.521  -34.521  -34.508  -34.508
  -34.502  -34.494  -34.494  -34.467  -34.467  -34.466  -34.415  -34.415  -34.405  -34.370
  -34.370  -34.363  -34.361  -34.351  -34.344  -34.332  -34.332  -34.322  -34.322  -34.319
  -34.319  -34.313  -34.313  -34.313  -34.313  -34.306  -34.306  -34.303  -34.300  -34.287
  -34.283  -34.283  -34.270  -34.270  -34.262  -34.262  -34.261  -34.261  -34.244  -34.244
  -34.240  -34.212  -34.199  -34.199  -13.171  -13.171  -12.972  -12.574  -12.265  -12.265
  -12.008  -12.008  -11.990  -11.990  -11.926  -11.897  -11.897  -11.763  -11.718  -11.718
  -11.637  -11.637  -11.529  -11.529  -11.499  -11.499  -11.497  -11.497  -11.422  -11.422
  -11.410  -11.327  -11.327  -11.325  -11.277  -11.229   -4.767   -4.767   -4.767   -4.767
   -4.740   -4.740   -4.697   -4.664   -4.664   -4.545   -4.545   -4.509   -4.503   -4.473
   -4.312   -4.312   -4.297   -4.297   -4.251   -4.026   -3.988   -3.988   -3.758   -3.758
   -3.636   -3.636   -3.300   -3.287   -3.287   -3.257   -3.257   -3.244   -3.241   -3.241
   -3.189   -3.189   -3.174   -3.174   -3.152   -3.152   -3.140   -2.841   -2.787   -2.729
   -2.538   -2.538   -2.510   -2.510   -2.495   -2.495   -2.475   -2.475   -2.474   -2.474
   -2.405   -2.374   -2.374   -2.324   -2.254   -2.235   -2.134   -1.948   -1.948   -1.722
   -1.722   -1.680   -1.542   -1.488   -1.488   -1.444   -1.342   -1.342   -1.313   -1.279
   -1.279   -1.268   -1.174   -1.174   -1.162   -1.162   -1.100   -1.100   -1.027   -1.027
   -1.026   -1.026   -0.809   -0.809   -0.720   -0.720   -0.469   -0.469   -0.379   -0.379
   -0.316   -0.281   -0.184   -0.184   -0.157   -0.157   -0.140   -0.140   -0.031    0.024
    0.024    0.265    0.265    0.330    0.398    0.513    0.513    0.589    2.329    2.606
    2.606    2.620    2.638    2.750    2.750    2.812    2.812    2.817    2.817    2.861
    2.861    2.889    3.091    3.096    3.114    3.114    3.118    3.118    3.125    3.125
    3.128    3.128    3.158    3.158    3.202    3.209    3.245    3.245    3.379    3.379
    3.407    3.407    3.550    3.550    3.742    3.806    3.806    3.820    3.849    3.849
    3.962    4.122    4.125    4.174    4.174    4.186    4.186    4.230    4.230    4.615
            0.408333  0.447446  0.000000
  -60.249  -60.249  -60.245  -60.236  -60.230  -60.230  -60.225  -60.225  -60.224  -60.223
  -60.221  -60.221  -60.217  -60.217  -60.216  -60.214  -34.521  -34.521  -34.507  -34.507
  -34.503  -34.494  -34.494  -34.468  -34.468  -34.466  -34.413  -34.413  -34.406  -34.370
  -34.370  -34.365  -34.361  -34.349  -34.344  -34.332  -34.332  -34.322  -34.322  -34.319
  -34.319  -34.314  -34.314  -34.313  -34.313  -34.306  -34.306  -34.303  -34.300  -34.285
  -34.283  -34.283  -34.270  -34.270  -34.262  -34.262  -34.261  -34.261  -34.244  -34.244
  -34.241  -34.212  -34.199  -34.199  -13.169  -13.169  -12.980  -12.563  -12.271  -12.271
  -12.007  -12.007  -11.983  -11.983  -11.930  -11.896  -11.896  -11.759  -11.726  -11.726
  -11.639  -11.639  -11.526  -11.526  -11.497  -11.497  -11.496  -11.496  -11.425  -11.425
  -11.412  -11.326  -11.326  -11.324  -11.279  -11.229   -4.765   -4.765   -4.764   -4.764
   -4.738   -4.738   -4.699   -4.662   -4.662   -4.553   -4.553   -4.514   -4.503   -4.480
   -4.317   -4.317   -4.294   -4.294   -4.249   -4.016   -3.978   -3.978   -3.759   -3.759
   -3.645   -3.645   -3.307   -3.288   -3.288   -3.255   -3.255   -3.246   -3.240   -3.240
   -3.178   -3.178   -3.176   -3.176   -3.153   -3.153   -3.144   -2.848   -2.775   -2.742
   -2.539   -2.539   -2.508   -2.508   -2.494   -2.494   -2.479   -2.479   -2.473   -2.473
   -2.408   -2.378   -2.378   -2.336   -2.243   -2.232   -2.111   -1.951   -1.951   -1.721
   -1.721   -1.665   -1.549   -1.498   -1.498   -1.447   -1.342   -1.342   -1.311   -1.285
   -1.285   -1.264   -1.177   -1.177   -1.154   -1.154   -1.093   -1.093   -1.024   -1.024
   -1.023   -1.023   -0.818   -0.818   -0.732   -0.732   -0.463   -0.463   -0.376   -0.376
   -0.319   -0.282   -0.179   -0.179   -0.156   -0.156   -0.139   -0.139   -0.038    0.018
    0.018    0.269    0.269    0.339    0.394    0.511    0.511    0.592    2.324    2.604
    2.604    2.627    2.634    2.753    2.753    2.808    2.808    2.817    2.817    2.859
    2.859    2.897    3.091    3.096    3.112    3.112    3.117    3.117    3.127    3.127
    3.129    3.129    3.156    3.156    3.207    3.214    3.240    3.240    3.376    3.376
    3.399    3.399    3.557    3.557    3.740    3.810    3.810    3.812    3.861    3.861
    3.971    4.113    4.126    4.169    4.169    4.182    4.182    4.227    4.227    4.625
            0.404166  0.454663  0.000000
  -60.249  -60.249  -60.245  -60.236  -60.230  -60.230  -60.225  -60.225  -60.223  -60.223
  -60.221  -60.221  -60.217  -60.217  -60.216  -60.214  -34.521  -34.521  -34.506  -34.506
  -34.504  -34.493  -34.493  -34.469  -34.469  -34.465  -34.412  -34.412  -34.407  -34.370
  -34.370  -34.367  -34.362  -34.348  -34.343  -34.332  -34.332  -34.322  -34.322  -34.319
  -34.319  -34.314  -34.314  -34.313  -34.313  -34.306  -34.306  -34.303  -34.300  -34.283
  -34.282  -34.282  -34.270  -34.270  -34.262  -34.262  -34.262  -34.262  -34.245  -34.245
  -34.241  -34.211  -34.200  -34.200  -13.167  -13.167  -12.989  -12.553  -12.277  -12.277
  -12.006  -12.006  -11.976  -11.976  -11.933  -11.894  -11.894  -11.755  -11.733  -11.733
  -11.642  -11.642  -11.524  -11.524  -11.496  -11.496  -11.493  -11.493  -11.428  -11.428
  -11.414  -11.324  -11.324  -11.323  -11.280  -11.228   -4.762   -4.762   -4.761   -4.761
   -4.736   -4.736   -4.701   -4.660   -4.660   -4.560   -4.560   -4.525   -4.497   -4.488
   -4.322   -4.322   -4.291   -4.291   -4.248   -4.006   -3.969   -3.969   -3.761   -3.761
   -3.654   -3.654   -3.314   -3.288   -3.288   -3.254   -3.254   -3.247   -3.239   -3.239
   -3.178   -3.178   -3.168   -3.168   -3.154   -3.154   -3.147   -2.854   -2.764   -2.755
   -2.539   -2.539   -2.507   -2.507   -2.492   -2.492   -2.482   -2.482   -2.471   -2.471
   -2.412   -2.381   -2.381   -2.349   -2.232   -2.229   -2.089   -1.954   -1.954   -1.719
   -1.719   -1.650   -1.556   -1.509   -1.509   -1.451   -1.342   -1.342   -1.309   -1.292
   -1.292   -1.261   -1.180   -1.180   -1.145   -1.145   -1.086   -1.086   -1.020   -1.020
   -1.019   -1.019   -0.826   -0.826   -0.744   -0.744   -0.457   -0.457   -0.372   -0.372
   -0.322   -0.284   -0.174   -0.174   -0.155   -0.155   -0.137   -0.137   -0.045    0.011
    0.011    0.273    0.273    0.347    0.389    0.510    0.510    0.596    2.320    2.603
    2.603    2.631    2.635    2.757    2.757    2.805    2.805    2.816    2.816    2.857
    2.857    2.904    3.091    3.096    3.109    3.109    3.117    3.117    3.128    3.128
    3.130    3.130    3.153    3.153    3.212    3.220    3.234    3.234    3.374    3.374
    3.392    3.392    3.564    3.564    3.738    3.803    3.814    3.814    3.874    3.874
    3.979    4.101    4.130    4.165    4.165    4.177    4.177    4.224    4.224    4.636
            0.400000  0.461880  0.000000
  -60.249  -60.249  -60.245  -60.235  -60.230  -60.230  -60.225  -60.225  -60.223  -60.223
  -60.221  -60.221  -60.217  -60.217  -60.216  -60.214  -34.521  -34.521  -34.505  -34.505
  -34.505  -34.493  -34.493  -34.471  -34.471  -34.464  -34.411  -34.411  -34.408  -34.370
  -34.370  -34.369  -34.362  -34.347  -34.343  -34.333  -34.333  -34.321  -34.321  -34.319
  -34.319  -34.315  -34.315  -34.314  -34.314  -34.306  -34.306  -34.303  -34.300  -34.282
  -34.281  -34.281  -34.270  -34.270  -34.262  -34.262  -34.261  -34.261  -34.245  -34.245
  -34.242  -34.211  -34.200  -34.200  -13.165  -13.165  -12.997  -12.543  -12.283  -12.283
  -12.005  -12.005  -11.970  -11.970  -11.936  -11.893  -11.893  -11.751  -11.740  -11.740
  -11.644  -11.644  -11.521  -11.521  -11.496  -11.496  -11.490  -11.490  -11.431  -11.431
  -11.417  -11.323  -11.323  -11.322  -11.282  -11.227   -4.758   -4.758   -4.758   -4.758
   -4.734   -4.734   -4.704   -4.657   -4.657   -4.568   -4.568   -4.535   -4.495   -4.491
   -4.328   -4.328   -4.287   -4.287   -4.246   -3.996   -3.959   -3.959   -3.762   -3.762
   -3.663   -3.663   -3.320   -3.288   -3.288   -3.253   -3.253   -3.249   -3.237   -3.237
   -3.180   -3.180   -3.157   -3.157   -3.154   -3.154   -3.150   -2.860   -2.768   -2.752
   -2.539   -2.539   -2.505   -2.505   -2.490   -2.490   -2.486   -2.486   -2.470   -2.470
   -2.416   -2.385   -2.385   -2.361   -2.226   -2.220   -2.067   -1.957   -1.957   -1.717
   -1.717   -1.634   -1.563   -1.520   -1.520   -1.454   -1.342   -1.342   -1.308   -1.298
   -1.298   -1.257   -1.183   -1.183   -1.137   -1.137   -1.079   -1.079   -1.017   -1.017
   -1.015   -1.015   -0.835   -0.835   -0.756   -0.756   -0.452   -0.452   -0.369   -0.369
   -0.325   -0.286   -0.169   -0.169   -0.154   -0.154   -0.135   -0.135   -0.052    0.005
    0.005    0.277    0.277    0.355    0.385    0.508    0.508    0.599    2.316    2.601
    2.601    2.627    2.642    2.761    2.761    2.801    2.801    2.816    2.816    2.854
    2.854    2.912    3.092    3.097    3.106    3.106    3.117    3.117    3.130    3.130
    3.130    3.130    3.151    3.151    3.217    3.226    3.229    3.229    3.372    3.372
    3.385    3.385    3.571    3.571    3.736    3.794    3.819    3.819    3.886    3.886
    3.988    4.089    4.134    4.160    4.160    4.173    4.173    4.221    4.221    4.646
            0.395833  0.469097  0.000000
  -60.249  -60.249  -60.245  -60.235  -60.230  -60.230  -60.225  -60.225  -60.223  -60.223
  -60.221  -60.221  -60.217  -60.217  -60.216  -60.214  -34.521  -34.521  -34.506  -34.505
  -34.505  -34.493  -34.493  -34.472  -34.472  -34.463  -34.410  -34.410  -34.408  -34.371
  -34.370  -34.370  -34.362  -34.345  -34.342  -34.333  -34.333  -34.321  -34.321  -34.319
  -34.319  -34.316  -34.316  -34.314  -34.314  -34.306  -34.306  -34.303  -34.300  -34.281
  -34.281  -34.280  -34.270  -34.270  -34.262  -34.262  -34.261  -34.261  -34.245  -34.245
  -34.243  -34.210  -34.200  -34.200  -13.163  -13.163  -13.005  -12.532  -12.289  -12.289
  -12.004  -12.004  -11.963  -11.963  -11.940  -11.892  -11.892  -11.747  -11.747  -11.746
  -11.647  -11.647  -11.519  -11.519  -11.495  -11.495  -11.487  -11.487  -11.434  -11.434
  -11.420  -11.321  -11.321  -11.321  -11.283  -11.227   -4.755   -4.755   -4.755   -4.755
   -4.732   -4.732   -4.706   -4.655   -4.655   -4.576   -4.576   -4.546   -4.502   -4.485
   -4.333   -4.333   -4.284   -4.284   -4.245   -3.987   -3.949   -3.949   -3.764   -3.764
   -3.673   -3.673   -3.327   -3.288   -3.288   -3.251   -3.251   -3.251   -3.236   -3.236
   -3.182   -3.182   -3.155   -3.155   -3.153   -3.146   -3.146   -2.865   -2.781   -2.741
   -2.539   -2.539   -2.503   -2.503   -2.489   -2.489   -2.489   -2.489   -2.469   -2.469
   -2.419   -2.389   -2.389   -2.372   -2.223   -2.209   -2.044   -1.960   -1.960   -1.715
   -1.715   -1.619   -1.570   -1.531   -1.531   -1.457   -1.342   -1.342   -1.307   -1.304
   -1.304   -1.254   -1.185   -1.185   -1.128   -1.128   -1.072   -1.072   -1.014   -1.014
   -1.012   -1.012   -0.843   -0.843   -0.769   -0.769   -0.446   -0.446   -0.366   -0.366
   -0.328   -0.287   -0.164   -0.164   -0.153   -0.153   -0.133   -0.133   -0.059   -0.002
   -0.002    0.281    0.281    0.363    0.381    0.506    0.506    0.602    2.312    2.599
    2.599    2.623    2.649    2.765    2.765    2.798    2.798    2.815    2.815    2.852
    2.852    2.920    3.092    3.097    3.103    3.103    3.116    3.116    3.131    3.131
    3.131    3.131    3.148    3.148    3.222    3.224    3.224    3.232    3.369    3.369
    3.378    3.378    3.577    3.577    3.735    3.786    3.823    3.823    3.898    3.898
    3.997    4.077    4.138    4.156    4.156    4.168    4.168    4.217    4.217    4.656
            0.391666  0.476314  0.000000
  -60.249  -60.249  -60.245  -60.235  -60.231  -60.231  -60.224  -60.224  -60.223  -60.223
  -60.221  -60.221  -60.217  -60.217  -60.216  -60.214  -34.520  -34.520  -34.506  -34.504
  -34.504  -34.493  -34.493  -34.473  -34.473  -34.463  -34.409  -34.409  -34.409  -34.372
  -34.370  -34.370  -34.363  -34.344  -34.342  -34.333  -34.333  -34.321  -34.321  -34.319
  -34.319  -34.316  -34.316  -34.314  -34.314  -34.305  -34.305  -34.303  -34.300  -34.280
  -34.280  -34.278  -34.270  -34.270  -34.263  -34.263  -34.261  -34.261  -34.246  -34.246
  -34.244  -34.210  -34.200  -34.200  -13.161  -13.161  -13.013  -12.522  -12.295  -12.295
  -12.003  -12.003  -11.956  -11.956  -11.943  -11.890  -11.890  -11.755  -11.755  -11.742
  -11.649  -11.649  -11.516  -11.516  -11.494  -11.494  -11.484  -11.484  -11.437  -11.437
  -11.422  -11.320  -11.320  -11.320  -11.285  -11.226   -4.752   -4.752   -4.751   -4.751
   -4.730   -4.730   -4.707   -4.653   -4.653   -4.584   -4.584   -4.556   -4.510   -4.479
   -4.338   -4.338   -4.281   -4.281   -4.244   -3.978   -3.940   -3.940   -3.766   -3.766
   -3.681   -3.681   -3.334   -3.288   -3.288   -3.253   -3.250   -3.250   -3.235   -3.235
   -3.184   -3.184   -3.156   -3.156   -3.156   -3.135   -3.135   -2.870   -2.795   -2.729
   -2.539   -2.539   -2.500   -2.500   -2.493   -2.493   -2.487   -2.487   -2.467   -2.467
   -2.423   -2.393   -2.393   -2.384   -2.220   -2.197   -2.022   -1.963   -1.963   -1.713
   -1.713   -1.604   -1.577   -1.543   -1.543   -1.460   -1.342   -1.342   -1.311   -1.311
   -1.306   -1.251   -1.188   -1.188   -1.119   -1.119   -1.066   -1.066   -1.011   -1.011
   -1.008   -1.008   -0.851   -0.851   -0.782   -0.782   -0.441   -0.441   -0.363   -0.363
   -0.331   -0.289   -0.159   -0.159   -0.152   -0.152   -0.131   -0.131   -0.065   -0.008
   -0.008    0.284    0.284    0.370    0.377    0.504    0.504    0.605    2.308    2.598
    2.598    2.620    2.656    2.768    2.768    2.794    2.794    2.815    2.815    2.850
    2.850    2.927    3.093    3.098    3.100    3.100    3.116    3.116    3.132    3.132
    3.133    3.133    3.146    3.146    3.219    3.219    3.227    3.237    3.366    3.366
    3.372    3.372    3.584    3.584    3.733    3.777    3.828    3.828    3.911    3.911
    4.006    4.065    4.141    4.151    4.151    4.163    4.163    4.214    4.214    4.667
            0.387500  0.483530  0.000000
  -60.249  -60.249  -60.245  -60.235  -60.231  -60.231  -60.224  -60.224  -60.223  -60.223
  -60.221  -60.221  -60.217  -60.217  -60.216  -60.214  -34.520  -34.520  -34.507  -34.503
  -34.503  -34.493  -34.493  -34.475  -34.475  -34.462  -34.410  -34.408  -34.408  -34.374
  -34.369  -34.369  -34.363  -34.343  -34.342  -34.333  -34.333  -34.321  -34.321  -34.319
  -34.319  -34.317  -34.317  -34.314  -34.314  -34.305  -34.305  -34.303  -34.300  -34.279
  -34.279  -34.277  -34.270  -34.270  -34.263  -34.263  -34.260  -34.260  -34.247  -34.247
  -34.244  -34.209  -34.200  -34.200  -13.158  -13.158  -13.021  -12.511  -12.301  -12.301
  -12.002  -12.002  -11.950  -11.950  -11.946  -11.889  -11.889  -11.762  -11.762  -11.738
  -11.652  -11.652  -11.514  -11.514  -11.494  -11.494  -11.482  -11.482  -11.440  -11.440
  -11.425  -11.319  -11.319  -11.319  -11.286  -11.226   -4.748   -4.748   -4.748   -4.748
   -4.728   -4.728   -4.709   -4.650   -4.650   -4.591   -4.591   -4.567   -4.517   -4.473
   -4.342   -4.342   -4.279   -4.279   -4.244   -3.969   -3.930   -3.930   -3.767   -3.767
   -3.690   -3.690   -3.341   -3.288   -3.288   -3.255   -3.248   -3.248   -3.234   -3.234
   -3.187   -3.187   -3.158   -3.156   -3.156   -3.125   -3.125   -2.875   -2.809   -2.717
   -2.539   -2.539   -2.498   -2.498   -2.498   -2.498   -2.486   -2.486   -2.466   -2.466
   -2.426   -2.397   -2.397   -2.395   -2.218   -2.185   -1.999   -1.967   -1.967   -1.711
   -1.711   -1.589   -1.584   -1.554   -1.554   -1.463   -1.342   -1.342   -1.318   -1.318
   -1.306   -1.247   -1.190   -1.190   -1.110   -1.110   -1.059   -1.059   -1.007   -1.007
   -1.004   -1.004   -0.860   -0.860   -0.795   -0.795   -0.436   -0.436   -0.360   -0.360
   -0.335   -0.291   -0.155   -0.155   -0.151   -0.151   -0.129   -0.129   -0.071   -0.015
   -0.015    0.288    0.288    0.372    0.378    0.502    0.502    0.607    2.304    2.597
    2.597    2.617    2.663    2.772    2.772    2.791    2.791    2.814    2.814    2.847
    2.847    2.935    3.093    3.097    3.097    3.098    3.116    3.116    3.134    3.134
    3.134    3.134    3.144    3.144    3.214    3.214    3.232    3.243    3.364    3.364
    3.366    3.366    3.590    3.591    3.732    3.768    3.833    3.833    3.923    3.923
    4.016    4.053    4.145    4.146    4.146    4.158    4.158    4.210    4.210    4.677
            0.383333  0.490747  0.000000
  -60.248  -60.248  -60.246  -60.234  -60.231  -60.231  -60.224  -60.224  -60.223  -60.223
  -60.221  -60.221  -60.217  -60.217  -60.216  -60.214  -34.520  -34.520  -34.508  -34.502
  -34.502  -34.493  -34.493  -34.476  -34.476  -34.462  -34.411  -34.407  -34.407  -34.376
  -34.369  -34.369  -34.364  -34.341  -34.341  -34.334  -34.334  -34.321  -34.321  -34.319
  -34.319  -34.318  -34.318  -34.315  -34.315  -34.305  -34.305  -34.304  -34.300  -34.278
  -34.278  -34.275  -34.270  -34.270  -34.264  -34.264  -34.260  -34.260  -34.247  -34.247
  -34.245  -34.208  -34.200  -34.200  -13.156  -13.156  -13.029  -12.501  -12.307  -12.307
  -12.001  -12.001  -11.950  -11.943  -11.943  -11.888  -11.888  -11.770  -11.770  -11.734
  -11.654  -11.654  -11.511  -11.511  -11.493  -11.493  -11.479  -11.479  -11.443  -11.443
  -11.427  -11.318  -11.318  -11.318  -11.288  -11.225   -4.745   -4.745   -4.745   -4.744
   -4.726   -4.726   -4.711   -4.648   -4.648   -4.599   -4.599   -4.577   -4.524   -4.467
   -4.347   -4.347   -4.276   -4.276   -4.243   -3.961   -3.920   -3.920   -3.769   -3.769
   -3.699   -3.699   -3.347   -3.288   -3.288   -3.257   -3.246   -3.246   -3.233   -3.233
   -3.189   -3.189   -3.160   -3.157   -3.157   -3.114   -3.114   -2.879   -2.823   -2.706
   -2.538   -2.538   -2.502   -2.502   -2.496   -2.496   -2.484   -2.484   -2.465   -2.465
   -2.430   -2.406   -2.402   -2.402   -2.215   -2.174   -1.976   -1.971   -1.971   -1.708
   -1.708   -1.591   -1.575   -1.565   -1.565   -1.465   -1.341   -1.341   -1.324   -1.324
   -1.305   -1.244   -1.192   -1.192   -1.101   -1.101   -1.052   -1.052   -1.004   -1.004
   -1.001   -1.001   -0.868   -0.868   -0.808   -0.808   -0.431   -0.431   -0.356   -0.356
   -0.338   -0.293   -0.150   -0.150   -0.149   -0.149   -0.127   -0.127   -0.077   -0.022
   -0.022    0.291    0.292    0.368    0.386    0.500    0.500    0.610    2.301    2.595
    2.596    2.614    2.670    2.776    2.776    2.787    2.787    2.814    2.814    2.845
    2.845    2.943    3.093    3.093    3.094    3.099    3.115    3.115    3.135    3.135
    3.136    3.136    3.141    3.141    3.209    3.209    3.237    3.249    3.360    3.360
    3.361    3.361    3.597    3.597    3.730    3.760    3.838    3.838    3.935    3.935
    4.025    4.041    4.142    4.142    4.148    4.153    4.153    4.206    4.206    4.687
            0.379166  0.497964  0.000000
  -60.248  -60.248  -60.246  -60.234  -60.231  -60.231  -60.224  -60.224  -60.223  -60.223
  -60.221  -60.221  -60.217  -60.217  -60.216  -60.214  -34.520  -34.520  -34.509  -34.501
  -34.501  -34.493  -34.493  -34.477  -34.477  -34.461  -34.412  -34.406  -34.406  -34.378
  -34.369  -34.369  -34.364  -34.341  -34.340  -34.334  -34.334  -34.320  -34.320  -34.319
  -34.319  -34.318  -34.318  -34.315  -34.315  -34.305  -34.305  -34.304  -34.300  -34.278
  -34.278  -34.273  -34.270  -34.270  -34.264  -34.264  -34.260  -34.260  -34.248  -34.248
  -34.246  -34.208  -34.201  -34.201  -13.153  -13.153  -13.037  -12.490  -12.312  -12.312
  -12.000  -12.000  -11.953  -11.937  -11.937  -11.886  -11.886  -11.778  -11.778  -11.729
  -11.656  -11.656  -11.509  -11.509  -11.492  -11.492  -11.477  -11.477  -11.446  -11.446
  -11.430  -11.318  -11.316  -11.316  -11.289  -11.225   -4.741   -4.741   -4.741   -4.741
   -4.723   -4.723   -4.713   -4.645   -4.645   -4.607   -4.607   -4.587   -4.531   -4.461
   -4.352   -4.352   -4.273   -4.273   -4.243   -3.953   -3.910   -3.910   -3.771   -3.771
   -3.708   -3.708   -3.354   -3.288   -3.288   -3.259   -3.245   -3.245   -3.232   -3.232
   -3.192   -3.192   -3.162   -3.158   -3.158   -3.104   -3.104   -2.882   -2.837   -2.694
   -2.538   -2.538   -2.506   -2.506   -2.493   -2.493   -2.482   -2.482   -2.464   -2.464
   -2.433   -2.417   -2.406   -2.406   -2.213   -2.162   -1.975   -1.975   -1.954   -1.706
   -1.706   -1.598   -1.576   -1.576   -1.560   -1.468   -1.341   -1.341   -1.331   -1.331
   -1.305   -1.241   -1.195   -1.195   -1.092   -1.092   -1.046   -1.046   -1.000   -1.000
   -0.997   -0.997   -0.876   -0.876   -0.822   -0.822   -0.426   -0.426   -0.353   -0.353
   -0.342   -0.295   -0.148   -0.148   -0.145   -0.145   -0.125   -0.125   -0.083   -0.028
   -0.028    0.295    0.295    0.364    0.393    0.498    0.498    0.612    2.298    2.594
    2.594    2.611    2.677    2.779    2.779    2.784    2.784    2.814    2.814    2.842
    2.842    2.951    3.090    3.090    3.095    3.100    3.115    3.115    3.136    3.136
    3.138    3.138    3.139    3.139    3.204    3.204    3.242    3.256    3.354    3.354
    3.358    3.358    3.603    3.603    3.729    3.751    3.843    3.843    3.948    3.948
    4.029    4.035    4.137    4.137    4.147    4.147    4.151    4.202    4.202    4.696
            0.375000  0.505181  0.000000
  -60.248  -60.248  -60.246  -60.234  -60.231  -60.231  -60.224  -60.224  -60.223  -60.223
  -60.222  -60.222  -60.217  -60.217  -60.216  -60.214  -34.520  -34.520  -34.510  -34.501
  -34.501  -34.493  -34.493  -34.478  -34.478  -34.460  -34.412  -34.405  -34.405  -34.379
  -34.369  -34.369  -34.364  -34.340  -34.339  -34.334  -34.334  -34.320  -34.320  -34.319
  -34.319  -34.319  -34.319  -34.315  -34.315  -34.305  -34.305  -34.304  -34.300  -34.277
  -34.277  -34.271  -34.270  -34.270  -34.265  -34.265  -34.259  -34.259  -34.248  -34.248
  -34.247  -34.207  -34.201  -34.201  -13.151  -13.151  -13.045  -12.480  -12.318  -12.318
  -11.999  -11.999  -11.956  -11.930  -11.930  -11.884  -11.884  -11.785  -11.785  -11.725
  -11.659  -11.659  -11.506  -11.506  -11.491  -11.491  -11.475  -11.475  -11.449  -11.449
  -11.432  -11.317  -11.315  -11.315  -11.291  -11.224   -4.737   -4.737   -4.737   -4.737
   -4.721   -4.721   -4.714   -4.642   -4.642   -4.615   -4.615   -4.598   -4.539   -4.455
   -4.356   -4.356   -4.271   -4.271   -4.243   -3.946   -3.900   -3.900   -3.773   -3.773
   -3.716   -3.716   -3.360   -3.288   -3.288   -3.261   -3.243   -3.243   -3.231   -3.231
   -3.194   -3.194   -3.164   -3.158   -3.158   -3.094   -3.094   -2.885   -2.851   -2.682
   -2.537   -2.537   -2.511   -2.511   -2.490   -2.490   -2.481   -2.481   -2.463   -2.463
   -2.436   -2.427   -2.410   -2.410   -2.211   -2.150   -1.979   -1.979   -1.931   -1.704
   -1.704   -1.605   -1.587   -1.587   -1.545   -1.470   -1.340   -1.340   -1.338   -1.338
   -1.306   -1.238   -1.197   -1.197   -1.083   -1.083   -1.040   -1.040   -0.996   -0.996
   -0.994   -0.994   -0.884   -0.884   -0.836   -0.836   -0.421   -0.421   -0.350   -0.350
   -0.345   -0.298   -0.147   -0.147   -0.141   -0.141   -0.123   -0.123   -0.089   -0.035
   -0.035    0.298    0.298    0.360    0.401    0.496    0.496    0.614    2.295    2.593
    2.594    2.608    2.684    2.780    2.780    2.782    2.782    2.813    2.813    2.839
    2.839    2.959    3.086    3.086    3.096    3.101    3.114    3.114    3.137    3.137
    3.138    3.138    3.139    3.139    3.200    3.200    3.248    3.262    3.348    3.348
    3.356    3.356    3.609    3.609    3.728    3.743    3.848    3.848    3.960    3.960
    4.017    4.045    4.132    4.132    4.142    4.142    4.153    4.198    4.198    4.706
            0.370833  0.512398  0.000000
  -60.248  -60.248  -60.246  -60.234  -60.231  -60.231  -60.224  -60.224  -60.223  -60.223
  -60.222  -60.222  -60.217  -60.217  -60.216  -60.214  -34.520  -34.520  -34.510  -34.500
  -34.500  -34.492  -34.492  -34.480  -34.480  -34.460  -34.413  -34.404  -34.404  -34.381
  -34.369  -34.369  -34.365  -34.340  -34.337  -34.334  -34.334  -34.320  -34.320  -34.320
  -34.320  -34.319  -34.319  -34.315  -34.315  -34.305  -34.305  -34.304  -34.300  -34.276
  -34.276  -34.270  -34.270  -34.270  -34.265  -34.265  -34.259  -34.259  -34.249  -34.249
  -34.248  -34.207  -34.201  -34.201  -13.148  -13.148  -13.053  -12.469  -12.324  -12.324
  -11.998  -11.998  -11.959  -11.924  -11.924  -11.883  -11.883  -11.793  -11.793  -11.721
  -11.661  -11.661  -11.504  -11.504  -11.490  -11.490  -11.472  -11.472  -11.453  -11.453
  -11.435  -11.316  -11.314  -11.314  -11.292  -11.224   -4.734   -4.734   -4.733   -4.733
   -4.719   -4.719   -4.715   -4.640   -4.640   -4.623   -4.623   -4.608   -4.546   -4.449
   -4.360   -4.360   -4.269   -4.269   -4.243   -3.939   -3.890   -3.890   -3.775   -3.775
   -3.725   -3.725   -3.366   -3.288   -3.288   -3.263   -3.241   -3.241   -3.230   -3.230
   -3.197   -3.197   -3.165   -3.159   -3.159   -3.084   -3.084   -2.888   -2.866   -2.670
   -2.536   -2.536   -2.515   -2.515   -2.487   -2.487   -2.479   -2.479   -2.462   -2.462
   -2.440   -2.437   -2.415   -2.415   -2.209   -2.138   -1.983   -1.983   -1.908   -1.701
   -1.701   -1.612   -1.599   -1.599   -1.531   -1.472   -1.345   -1.345   -1.339   -1.339
   -1.306   -1.235   -1.199   -1.199   -1.073   -1.073   -1.034   -1.034   -0.993   -0.993
   -0.990   -0.990   -0.892   -0.892   -0.850   -0.850   -0.417   -0.417   -0.349   -0.348
   -0.348   -0.300   -0.145   -0.145   -0.136   -0.136   -0.120   -0.120   -0.094   -0.041
   -0.041    0.301    0.301    0.356    0.408    0.494    0.494    0.617    2.292    2.593
    2.593    2.606    2.691    2.777    2.777    2.786    2.786    2.813    2.813    2.837
    2.837    2.968    3.082    3.082    3.096    3.103    3.114    3.114    3.135    3.135
    3.139    3.139    3.141    3.141    3.195    3.195    3.253    3.268    3.343    3.343
    3.353    3.353    3.615    3.615    3.727    3.734    3.853    3.853    3.972    3.972
    4.006    4.054    4.127    4.127    4.136    4.136    4.156    4.194    4.194    4.716
            0.366666  0.519615  0.000000
  -60.248  -60.248  -60.246  -60.234  -60.231  -60.231  -60.224  -60.224  -60.223  -60.223
  -60.222  -60.222  -60.217  -60.217  -60.216  -60.214  -34.519  -34.519  -34.511  -34.499
  -34.499  -34.492  -34.492  -34.481  -34.481  -34.459  -34.413  -34.403  -34.403  -34.383
  -34.369  -34.369  -34.365  -34.340  -34.336  -34.334  -34.334  -34.320  -34.320  -34.320
  -34.320  -34.318  -34.318  -34.316  -34.316  -34.305  -34.305  -34.304  -34.300  -34.276
  -34.276  -34.270  -34.270  -34.268  -34.266  -34.266  -34.259  -34.259  -34.249  -34.249
  -34.249  -34.207  -34.201  -34.201  -13.145  -13.145  -13.060  -12.459  -12.330  -12.330
  -11.997  -11.997  -11.962  -11.917  -11.917  -11.881  -11.881  -11.801  -11.801  -11.716
  -11.663  -11.663  -11.501  -11.501  -11.490  -11.490  -11.470  -11.470  -11.456  -11.456
  -11.437  -11.316  -11.313  -11.313  -11.294  -11.224   -4.730   -4.730   -4.729   -4.729
   -4.716   -4.716   -4.716   -4.637   -4.637   -4.631   -4.631   -4.618   -4.553   -4.443
   -4.365   -4.365   -4.267   -4.267   -4.244   -3.933   -3.880   -3.880   -3.777   -3.777
   -3.733   -3.733   -3.371   -3.288   -3.288   -3.265   -3.239   -3.239   -3.229   -3.229
   -3.200   -3.200   -3.166   -3.160   -3.160   -3.074   -3.074   -2.890   -2.880   -2.658
   -2.534   -2.534   -2.520   -2.520   -2.484   -2.484   -2.478   -2.478   -2.461   -2.461
   -2.447   -2.443   -2.419   -2.419   -2.208   -2.127   -1.988   -1.988   -1.885   -1.698
   -1.698   -1.619   -1.610   -1.610   -1.516   -1.474   -1.352   -1.352   -1.338   -1.338
   -1.307   -1.233   -1.201   -1.201   -1.064   -1.064   -1.028   -1.028   -0.989   -0.989
   -0.987   -0.987   -0.900   -0.900   -0.864   -0.864   -0.413   -0.413   -0.353   -0.345
   -0.345   -0.302   -0.144   -0.144   -0.132   -0.132   -0.118   -0.118   -0.099   -0.048
   -0.048    0.304    0.304    0.353    0.415    0.491    0.491    0.618    2.290    2.592
    2.592    2.603    2.698    2.774    2.774    2.789    2.789    2.813    2.813    2.834
    2.834    2.976    3.079    3.079    3.098    3.104    3.113    3.113    3.132    3.132
    3.141    3.141    3.143    3.143    3.191    3.191    3.259    3.274    3.338    3.338
    3.350    3.350    3.620    3.620    3.726    3.726    3.858    3.858    3.985    3.985
    3.994    4.064    4.122    4.122    4.131    4.131    4.158    4.189    4.189    4.725
            0.362500  0.526832  0.000000
  -60.248  -60.248  -60.246  -60.233  -60.231  -60.231  -60.224  -60.224  -60.223  -60.223
  -60.222  -60.222  -60.217  -60.217  -60.216  -60.214  -34.519  -34.519  -34.512  -34.498
  -34.498  -34.492  -34.492  -34.482  -34.482  -34.459  -34.414  -34.402  -34.402  -34.385
  -34.369  -34.369  -34.365  -34.339  -34.335  -34.335  -34.335  -34.321  -34.321  -34.319
  -34.319  -34.318  -34.318  -34.316  -34.316  -34.305  -34.305  -34.304  -34.300  -34.275
  -34.275  -34.270  -34.270  -34.266  -34.266  -34.266  -34.258  -34.258  -34.250  -34.250
  -34.249  -34.206  -34.201  -34.201  -13.142  -13.142  -13.068  -12.448  -12.335  -12.335
  -11.996  -11.996  -11.966  -11.911  -11.911  -11.879  -11.879  -11.809  -11.809  -11.712
  -11.666  -11.666  -11.499  -11.499  -11.489  -11.489  -11.468  -11.468  -11.459  -11.459
  -11.440  -11.315  -11.312  -11.312  -11.295  -11.224   -4.725   -4.725   -4.725   -4.725
   -4.717   -4.714   -4.714   -4.638   -4.638   -4.634   -4.634   -4.628   -4.561   -4.437
   -4.369   -4.369   -4.265   -4.265   -4.244   -3.928   -3.870   -3.870   -3.779   -3.779
   -3.742   -3.742   -3.376   -3.287   -3.287   -3.267   -3.237   -3.237   -3.228   -3.228
   -3.202   -3.202   -3.166   -3.160   -3.160   -3.064   -3.064   -2.895   -2.892   -2.646
   -2.533   -2.533   -2.525   -2.525   -2.481   -2.481   -2.476   -2.476   -2.460   -2.460
   -2.456   -2.446   -2.424   -2.424   -2.206   -2.115   -1.992   -1.992   -1.862   -1.696
   -1.696   -1.626   -1.621   -1.621   -1.502   -1.475   -1.359   -1.359   -1.337   -1.337
   -1.309   -1.230   -1.203   -1.203   -1.054   -1.054   -1.022   -1.022   -0.985   -0.985
   -0.983   -0.983   -0.907   -0.907   -0.878   -0.878   -0.409   -0.409   -0.357   -0.342
   -0.342   -0.305   -0.143   -0.143   -0.127   -0.127   -0.116   -0.116   -0.104   -0.054
   -0.054    0.307    0.307    0.349    0.422    0.489    0.489    0.620    2.288    2.591
    2.591    2.601    2.704    2.770    2.770    2.792    2.792    2.812    2.812    2.831
    2.831    2.984    3.075    3.075    3.099    3.105    3.113    3.113    3.130    3.130
    3.142    3.142    3.144    3.144    3.186    3.186    3.264    3.280    3.333    3.333
    3.347    3.347    3.626    3.626    3.717    3.726    3.863    3.863    3.982    3.997
    3.997    4.075    4.117    4.117    4.125    4.125    4.160    4.185    4.185    4.735
            0.358333  0.534049  0.000000
  -60.248  -60.248  -60.247  -60.233  -60.231  -60.231  -60.224  -60.224  -60.223  -60.223
  -60.222  -60.222  -60.216  -60.216  -60.216  -60.214  -34.519  -34.519  -34.513  -34.497
  -34.497  -34.492  -34.492  -34.484  -34.484  -34.459  -34.414  -34.402  -34.402  -34.386
  -34.369  -34.369  -34.366  -34.339  -34.335  -34.335  -34.333  -34.322  -34.322  -34.319
  -34.319  -34.318  -34.318  -34.316  -34.316  -34.305  -34.305  -34.304  -34.300  -34.274
  -34.274  -34.270  -34.270  -34.267  -34.267  -34.265  -34.258  -34.258  -34.251  -34.251
  -34.250  -34.206  -34.202  -34.202  -13.139  -13.139  -13.075  -12.437  -12.341  -12.341
  -11.995  -11.995  -11.969  -11.904  -11.904  -11.878  -11.878  -11.817  -11.817  -11.708
  -11.668  -11.668  -11.496  -11.496  -11.488  -11.488  -11.466  -11.466  -11.462  -11.462
  -11.442  -11.315  -11.311  -11.311  -11.297  -11.223   -4.721   -4.721   -4.721   -4.721
   -4.718   -4.711   -4.711   -4.646   -4.646   -4.638   -4.631   -4.631   -4.568   -4.430
   -4.373   -4.373   -4.263   -4.263   -4.245   -3.923   -3.859   -3.859   -3.782   -3.782
   -3.750   -3.750   -3.381   -3.287   -3.287   -3.269   -3.235   -3.235   -3.227   -3.227
   -3.205   -3.205   -3.167   -3.161   -3.161   -3.055   -3.055   -2.910   -2.894   -2.635
   -2.531   -2.531   -2.530   -2.530   -2.478   -2.478   -2.475   -2.475   -2.465   -2.459
   -2.459   -2.449   -2.428   -2.428   -2.205   -2.103   -1.997   -1.997   -1.839   -1.693
   -1.693   -1.633   -1.633   -1.633   -1.488   -1.477   -1.365   -1.365   -1.336   -1.336
   -1.310   -1.227   -1.204   -1.204   -1.044   -1.044   -1.016   -1.016   -0.982   -0.982
   -0.980   -0.980   -0.915   -0.915   -0.893   -0.893   -0.405   -0.405   -0.361   -0.339
   -0.339   -0.308   -0.141   -0.141   -0.123   -0.123   -0.114   -0.114   -0.109   -0.061
   -0.061    0.310    0.310    0.345    0.429    0.486    0.486    0.621    2.286    2.591
    2.591    2.599    2.711    2.767    2.767    2.795    2.795    2.812    2.812    2.828
    2.828    2.993    3.071    3.071    3.100    3.107    3.112    3.112    3.128    3.128
    3.144    3.144    3.146    3.146    3.182    3.182    3.270    3.287    3.328    3.328
    3.344    3.344    3.631    3.631    3.709    3.725    3.869    3.869    3.970    4.009
    4.009    4.085    4.112    4.112    4.119    4.119    4.161    4.180    4.180    4.744
            0.354166  0.541265  0.000000
  -60.248  -60.248  -60.247  -60.233  -60.231  -60.231  -60.223  -60.223  -60.223  -60.223
  -60.222  -60.222  -60.216  -60.216  -60.216  -60.214  -34.519  -34.519  -34.513  -34.496
  -34.496  -34.492  -34.492  -34.485  -34.485  -34.458  -34.415  -34.401  -34.401  -34.388
  -34.368  -34.368  -34.366  -34.338  -34.335  -34.335  -34.332  -34.322  -34.322  -34.319
  -34.319  -34.318  -34.318  -34.317  -34.317  -34.305  -34.305  -34.304  -34.300  -34.274
  -34.274  -34.270  -34.270  -34.267  -34.267  -34.263  -34.257  -34.257  -34.251  -34.251
  -34.251  -34.205  -34.202  -34.202  -13.136  -13.136  -13.083  -12.427  -12.347  -12.346
  -11.993  -11.993  -11.972  -11.898  -11.898  -11.876  -11.876  -11.825  -11.825  -11.703
  -11.670  -11.670  -11.494  -11.494  -11.487  -11.487  -11.465  -11.465  -11.465  -11.465
  -11.445  -11.314  -11.310  -11.310  -11.298  -11.223   -4.719   -4.717   -4.717   -4.717
   -4.717   -4.708   -4.708   -4.654   -4.654   -4.647   -4.628   -4.628   -4.575   -4.424
   -4.376   -4.376   -4.261   -4.261   -4.246   -3.918   -3.849   -3.849   -3.784   -3.784
   -3.758   -3.758   -3.385   -3.286   -3.286   -3.271   -3.233   -3.233   -3.226   -3.226
   -3.208   -3.208   -3.167   -3.162   -3.162   -3.046   -3.046   -2.925   -2.895   -2.623
   -2.535   -2.535   -2.529   -2.529   -2.475   -2.475   -2.474   -2.473   -2.473   -2.459
   -2.459   -2.452   -2.433   -2.433   -2.204   -2.091   -2.002   -2.002   -1.816   -1.690
   -1.690   -1.644   -1.644   -1.640   -1.478   -1.474   -1.372   -1.372   -1.335   -1.335
   -1.312   -1.225   -1.206   -1.206   -1.034   -1.034   -1.010   -1.010   -0.978   -0.978
   -0.976   -0.976   -0.923   -0.923   -0.907   -0.907   -0.401   -0.401   -0.365   -0.337
   -0.337   -0.311   -0.140   -0.140   -0.119   -0.119   -0.113   -0.111   -0.111   -0.067
   -0.067    0.312    0.312    0.341    0.436    0.484    0.484    0.623    2.284    2.591
    2.591    2.597    2.717    2.764    2.764    2.798    2.798    2.812    2.812    2.826
    2.826    3.001    3.067    3.067    3.101    3.109    3.111    3.111    3.127    3.127
    3.146    3.146    3.148    3.148    3.177    3.177    3.276    3.293    3.324    3.324
    3.341    3.341    3.636    3.636    3.700    3.725    3.874    3.874    3.959    4.021
    4.021    4.095    4.107    4.107    4.113    4.113    4.163    4.175    4.175    4.753
            0.350000  0.548482  0.000000
  -60.248  -60.248  -60.247  -60.233  -60.232  -60.232  -60.223  -60.223  -60.223  -60.223
  -60.222  -60.222  -60.216  -60.216  -60.216  -60.214  -34.518  -34.518  -34.514  -34.495
  -34.495  -34.492  -34.492  -34.486  -34.486  -34.458  -34.415  -34.400  -34.400  -34.390
  -34.368  -34.368  -34.366  -34.338  -34.335  -34.335  -34.331  -34.323  -34.323  -34.319
  -34.319  -34.318  -34.318  -34.317  -34.317  -34.305  -34.305  -34.304  -34.300  -34.273
  -34.273  -34.270  -34.270  -34.268  -34.268  -34.261  -34.257  -34.257  -34.252  -34.252
  -34.252  -34.205  -34.202  -34.202  -13.133  -13.133  -13.090  -12.416  -12.352  -12.352
  -11.992  -11.992  -11.975  -11.891  -11.891  -11.874  -11.874  -11.833  -11.833  -11.699
  -11.673  -11.673  -11.492  -11.491  -11.486  -11.486  -11.469  -11.469  -11.463  -11.463
  -11.447  -11.314  -11.309  -11.309  -11.300  -11.223   -4.720   -4.713   -4.713   -4.712
   -4.712   -4.705   -4.705   -4.662   -4.662   -4.657   -4.624   -4.624   -4.582   -4.418
   -4.380   -4.380   -4.260   -4.260   -4.248   -3.915   -3.839   -3.839   -3.787   -3.787
   -3.766   -3.766   -3.388   -3.285   -3.285   -3.273   -3.231   -3.231   -3.225   -3.225
   -3.211   -3.211   -3.167   -3.162   -3.162   -3.037   -3.037   -2.940   -2.896   -2.611
   -2.541   -2.541   -2.527   -2.527   -2.483   -2.472   -2.472   -2.471   -2.471   -2.458
   -2.458   -2.455   -2.437   -2.437   -2.203   -2.079   -2.007   -2.007   -1.793   -1.687
   -1.687   -1.655   -1.655   -1.647   -1.479   -1.460   -1.379   -1.379   -1.333   -1.333
   -1.314   -1.222   -1.208   -1.208   -1.024   -1.024   -1.004   -1.004   -0.974   -0.974
   -0.973   -0.973   -0.930   -0.930   -0.922   -0.922   -0.398   -0.398   -0.369   -0.335
   -0.335   -0.314   -0.138   -0.138   -0.117   -0.115   -0.115   -0.109   -0.109   -0.073
   -0.073    0.315    0.315    0.337    0.443    0.481    0.481    0.624    2.283    2.590
    2.590    2.596    2.724    2.760    2.760    2.801    2.801    2.812    2.812    2.823
    2.823    3.010    3.063    3.063    3.102    3.111    3.111    3.111    3.125    3.125
    3.148    3.148    3.149    3.149    3.173    3.173    3.282    3.299    3.320    3.320
    3.338    3.338    3.641    3.641    3.692    3.724    3.879    3.879    3.947    4.033
    4.033    4.102    4.102    4.106    4.107    4.107    4.164    4.170    4.170    4.763
            0.345833  0.555699  0.000000
  -60.248  -60.248  -60.247  -60.233  -60.232  -60.232  -60.223  -60.223  -60.223  -60.223
  -60.223  -60.223  -60.216  -60.216  -60.216  -60.214  -34.518  -34.518  -34.515  -34.494
  -34.494  -34.491  -34.491  -34.487  -34.487  -34.458  -34.415  -34.399  -34.399  -34.391
  -34.368  -34.368  -34.367  -34.337  -34.336  -34.336  -34.329  -34.324  -34.324  -34.319
  -34.319  -34.318  -34.318  -34.317  -34.317  -34.305  -34.305  -34.304  -34.300  -34.272
  -34.272  -34.270  -34.270  -34.269  -34.269  -34.260  -34.257  -34.257  -34.253  -34.253
  -34.253  -34.204  -34.202  -34.202  -13.130  -13.130  -13.098  -12.406  -12.358  -12.358
  -11.991  -11.991  -11.978  -11.885  -11.885  -11.872  -11.872  -11.841  -11.841  -11.695
  -11.675  -11.675  -11.489  -11.489  -11.485  -11.485  -11.472  -11.472  -11.461  -11.461
  -11.450  -11.314  -11.308  -11.308  -11.301  -11.223   -4.720   -4.708   -4.708   -4.708
   -4.708   -4.703   -4.703   -4.670   -4.670   -4.667   -4.621   -4.621   -4.589   -4.412
   -4.384   -4.384   -4.258   -4.258   -4.249   -3.912   -3.829   -3.829   -3.789   -3.789
   -3.774   -3.774   -3.390   -3.285   -3.285   -3.275   -3.229   -3.229   -3.225   -3.225
   -3.214   -3.214   -3.167   -3.163   -3.163   -3.028   -3.028   -2.956   -2.897   -2.599
   -2.546   -2.546   -2.524   -2.524   -2.491   -2.470   -2.470   -2.467   -2.467   -2.458
   -2.457   -2.457   -2.442   -2.442   -2.202   -2.067   -2.013   -2.013   -1.770   -1.684
   -1.684   -1.667   -1.667   -1.654   -1.480   -1.447   -1.386   -1.386   -1.332   -1.332
   -1.317   -1.220   -1.209   -1.209   -1.014   -1.014   -0.999   -0.999   -0.970   -0.970
   -0.969   -0.969   -0.938   -0.938   -0.937   -0.937   -0.395   -0.395   -0.374   -0.332
   -0.332   -0.317   -0.137   -0.137   -0.121   -0.110   -0.110   -0.106   -0.106   -0.080
   -0.080    0.317    0.317    0.334    0.450    0.478    0.478    0.624    2.282    2.590
    2.590    2.594    2.730    2.757    2.757    2.804    2.804    2.812    2.812    2.820
    2.820    3.019    3.058    3.058    3.104    3.110    3.110    3.112    3.123    3.123
    3.150    3.150    3.151    3.151    3.169    3.169    3.288    3.306    3.316    3.316
    3.335    3.335    3.646    3.646    3.684    3.724    3.885    3.885    3.936    4.045
    4.045    4.097    4.097    4.100    4.100    4.116    4.165    4.165    4.165    4.772
            0.341666  0.562916  0.000000
  -60.248  -60.248  -60.247  -60.232  -60.232  -60.232  -60.223  -60.223  -60.223  -60.223
  -60.223  -60.223  -60.216  -60.216  -60.216  -60.214  -34.518  -34.518  -34.516  -34.493
  -34.493  -34.491  -34.491  -34.489  -34.489  -34.458  -34.416  -34.398  -34.398  -34.393
  -34.368  -34.368  -34.367  -34.337  -34.336  -34.336  -34.328  -34.324  -34.324  -34.318
  -34.318  -34.318  -34.318  -34.317  -34.317  -34.305  -34.305  -34.304  -34.300  -34.272
  -34.272  -34.270  -34.270  -34.269  -34.269  -34.258  -34.256  -34.256  -34.254  -34.254
  -34.253  -34.204  -34.202  -34.202  -13.126  -13.126  -13.105  -12.395  -12.363  -12.363
  -11.989  -11.989  -11.981  -11.879  -11.879  -11.870  -11.870  -11.849  -11.849  -11.690
  -11.677  -11.677  -11.487  -11.487  -11.484  -11.484  -11.475  -11.475  -11.460  -11.460
  -11.452  -11.313  -11.307  -11.307  -11.303  -11.223   -4.721   -4.704   -4.704   -4.703
   -4.703   -4.700   -4.700   -4.678   -4.678   -4.676   -4.618   -4.618   -4.597   -4.406
   -4.387   -4.387   -4.257   -4.257   -4.251   -3.910   -3.818   -3.818   -3.792   -3.792
   -3.782   -3.782   -3.392   -3.284   -3.284   -3.278   -3.227   -3.227   -3.224   -3.224
   -3.216   -3.216   -3.166   -3.163   -3.163   -3.019   -3.019   -2.971   -2.898   -2.587
   -2.552   -2.552   -2.521   -2.521   -2.499   -2.469   -2.469   -2.464   -2.464   -2.461
   -2.457   -2.457   -2.446   -2.446   -2.202   -2.055   -2.018   -2.018   -1.747   -1.681
   -1.681   -1.678   -1.678   -1.661   -1.480   -1.433   -1.393   -1.393   -1.330   -1.330
   -1.320   -1.217   -1.210   -1.210   -1.004   -1.004   -0.993   -0.993   -0.967   -0.967
   -0.966   -0.966   -0.952   -0.952   -0.945   -0.945   -0.392   -0.392   -0.378   -0.330
   -0.330   -0.320   -0.135   -0.135   -0.125   -0.107   -0.107   -0.104   -0.104   -0.086
   -0.086    0.319    0.319    0.330    0.456    0.475    0.475    0.625    2.281    2.590
    2.590    2.593    2.736    2.754    2.754    2.807    2.807    2.812    2.812    2.817
    2.817    3.027    3.054    3.054    3.105    3.109    3.109    3.115    3.122    3.122
    3.152    3.152    3.153    3.153    3.165    3.165    3.293    3.312    3.312    3.312
    3.331    3.331    3.651    3.651    3.676    3.724    3.890    3.890    3.924    4.057
    4.057    4.092    4.092    4.094    4.094    4.127    4.160    4.160    4.166    4.781
            0.337500  0.570133  0.000000
  -60.248  -60.248  -60.247  -60.232  -60.232  -60.232  -60.223  -60.223  -60.223  -60.223
  -60.223  -60.223  -60.216  -60.216  -60.216  -60.214  -34.517  -34.517  -34.516  -34.492
  -34.492  -34.491  -34.491  -34.490  -34.490  -34.458  -34.416  -34.397  -34.397  -34.395
  -34.368  -34.368  -34.367  -34.337  -34.336  -34.336  -34.327  -34.325  -34.325  -34.318
  -34.318  -34.318  -34.318  -34.318  -34.318  -34.305  -34.305  -34.304  -34.300  -34.271
  -34.271  -34.270  -34.270  -34.270  -34.270  -34.257  -34.256  -34.256  -34.254  -34.254
  -34.254  -34.203  -34.203  -34.203  -13.123  -13.123  -13.112  -12.384  -12.368  -12.368
  -11.988  -11.988  -11.984  -11.872  -11.872  -11.868  -11.868  -11.858  -11.858  -11.686
  -11.679  -11.679  -11.484  -11.484  -11.483  -11.483  -11.479  -11.479  -11.458  -11.458
  -11.455  -11.313  -11.306  -11.306  -11.304  -11.223   -4.721   -4.699   -4.699   -4.699
   -4.699   -4.697   -4.697   -4.686   -4.686   -4.686   -4.614   -4.614   -4.604   -4.400
   -4.390   -4.390   -4.255   -4.255   -4.252   -3.909   -3.808   -3.808   -3.794   -3.794
   -3.790   -3.790   -3.394   -3.283   -3.283   -3.280   -3.225   -3.225   -3.223   -3.223
   -3.219   -3.219   -3.165   -3.164   -3.164   -3.011   -3.011   -2.987   -2.898   -2.575
   -2.558   -2.558   -2.518   -2.518   -2.507   -2.467   -2.467   -2.463   -2.460   -2.460
   -2.456   -2.456   -2.451   -2.451   -2.201   -2.042   -2.024   -2.024   -1.724   -1.690
   -1.690   -1.678   -1.678   -1.668   -1.481   -1.419   -1.399   -1.399   -1.328   -1.328
   -1.323   -1.215   -1.212   -1.212   -0.993   -0.993   -0.988   -0.988   -0.968   -0.968
   -0.963   -0.963   -0.963   -0.963   -0.952   -0.952   -0.389   -0.389   -0.382   -0.328
   -0.328   -0.323   -0.134   -0.134   -0.129   -0.103   -0.103   -0.101   -0.101   -0.093
   -0.093    0.321    0.321    0.326    0.463    0.472    0.472    0.625    2.281    2.591
    2.591    2.592    2.742    2.751    2.751    2.809    2.809    2.812    2.812    2.815
    2.815    3.036    3.050    3.050    3.106    3.109    3.109    3.117    3.120    3.120
    3.154    3.154    3.155    3.155    3.161    3.161    3.299    3.309    3.309    3.319
    3.328    3.328    3.655    3.655    3.667    3.723    3.896    3.896    3.913    4.069
    4.069    4.086    4.086    4.088    4.088    4.138    4.154    4.154    4.166    4.789
            0.333333  0.577350  0.000000
  -60.248  -60.248  -60.248  -60.232  -60.232  -60.232  -60.223  -60.223  -60.223  -60.223
  -60.223  -60.223  -60.216  -60.216  -60.216  -60.214  -34.517  -34.517  -34.517  -34.491
  -34.491  -34.491  -34.491  -34.491  -34.491  -34.458  -34.416  -34.396  -34.396  -34.396
  -34.368  -34.368  -34.368  -34.336  -34.336  -34.336  -34.326  -34.326  -34.326  -34.318
  -34.318  -34.318  -34.318  -34.318  -34.318  -34.305  -34.305  -34.305  -34.300  -34.270
  -34.270  -34.270  -34.270  -34.270  -34.270  -34.255  -34.255  -34.255  -34.255  -34.255
  -34.255  -34.203  -34.203  -34.203  -13.119  -13.119  -13.119  -12.374  -12.374  -12.374
  -11.987  -11.987  -11.987  -11.866  -11.866  -11.866  -11.866  -11.866  -11.866  -11.681
  -11.681  -11.681  -11.482  -11.482  -11.482  -11.482  -11.482  -11.482  -11.457  -11.457
  -11.457  -11.313  -11.306  -11.306  -11.306  -11.223   -4.721   -4.695   -4.695   -4.695
   -4.694   -4.694   -4.694   -4.694   -4.694   -4.694   -4.611   -4.611   -4.611   -4.393
   -4.393   -4.393   -4.254   -4.254   -4.254   -3.908   -3.797   -3.797   -3.797   -3.797
   -3.797   -3.797   -3.394   -3.282   -3.282   -3.282   -3.222   -3.222   -3.222   -3.222
   -3.222   -3.222   -3.165   -3.165   -3.165   -3.003   -3.003   -3.003   -2.898   -2.563
   -2.563   -2.563   -2.515   -2.515   -2.515   -2.466   -2.466   -2.466   -2.456   -2.456
   -2.456   -2.456   -2.456   -2.456   -2.201   -2.030   -2.030   -2.030   -1.701   -1.701
   -1.701   -1.674   -1.674   -1.674   -1.481   -1.406   -1.406   -1.406   -1.327   -1.327
   -1.327   -1.213   -1.213   -1.213   -0.983   -0.983   -0.983   -0.983   -0.983   -0.983
   -0.959   -0.959   -0.959   -0.959   -0.959   -0.959   -0.387   -0.387   -0.387   -0.326
   -0.326   -0.326   -0.132   -0.132   -0.132   -0.099   -0.099   -0.099   -0.099   -0.099
   -0.099    0.323    0.323    0.323    0.469    0.469    0.469    0.625    2.281    2.591
    2.591    2.591    2.748    2.748    2.748    2.812    2.812    2.812    2.812    2.812
    2.812    3.045    3.045    3.045    3.108    3.108    3.108    3.119    3.119    3.119
    3.156    3.156    3.156    3.156    3.156    3.156    3.305    3.305    3.305    3.325
    3.325    3.325    3.659    3.659    3.659    3.723    3.902    3.902    3.902    4.081
    4.081    4.081    4.081    4.081    4.081    4.149    4.149    4.149    4.166    4.798
            0.325000  0.562916  0.000000
  -60.248  -60.247  -60.247  -60.232  -60.232  -60.232  -60.223  -60.223  -60.223  -60.223
  -60.223  -60.223  -60.216  -60.216  -60.216  -60.214  -34.518  -34.516  -34.516  -34.493
  -34.493  -34.491  -34.491  -34.489  -34.489  -34.458  -34.416  -34.400  -34.395  -34.395
  -34.368  -34.367  -34.367  -34.337  -34.337  -34.335  -34.327  -34.327  -34.323  -34.319
  -34.318  -34.318  -34.318  -34.318  -34.318  -34.305  -34.304  -34.304  -34.300  -34.272
  -34.272  -34.270  -34.270  -34.269  -34.269  -34.257  -34.257  -34.257  -34.254  -34.254
  -34.252  -34.203  -34.203  -34.202  -13.133  -13.112  -13.112  -12.384  -12.384  -12.352
  -11.992  -11.984  -11.984  -11.883  -11.883  -11.862  -11.862  -11.853  -11.853  -11.686
  -11.686  -11.673  -11.489  -11.489  -11.480  -11.480  -11.477  -11.477  -11.462  -11.455
  -11.455  -11.313  -11.309  -11.304  -11.304  -11.223   -4.721   -4.713   -4.710   -4.710
   -4.688   -4.688   -4.685   -4.685   -4.684   -4.684   -4.625   -4.604   -4.604   -4.399
   -4.399   -4.381   -4.259   -4.253   -4.253   -3.910   -3.812   -3.812   -3.803   -3.803
   -3.776   -3.776   -3.392   -3.286   -3.279   -3.279   -3.228   -3.228   -3.221   -3.221
   -3.218   -3.218   -3.166   -3.166   -3.162   -3.035   -2.987   -2.987   -2.898   -2.575
   -2.575   -2.540   -2.529   -2.507   -2.507   -2.471   -2.465   -2.465   -2.463   -2.463
   -2.455   -2.455   -2.447   -2.447   -2.202   -2.043   -2.043   -2.006   -1.724   -1.724
   -1.688   -1.668   -1.668   -1.655   -1.480   -1.419   -1.419   -1.380   -1.335   -1.323
   -1.323   -1.215   -1.215   -1.209   -1.014   -1.014   -0.973   -0.973   -0.973   -0.973
   -0.962   -0.962   -0.953   -0.953   -0.952   -0.952   -0.396   -0.383   -0.383   -0.334
   -0.323   -0.323   -0.138   -0.129   -0.129   -0.111   -0.111   -0.094   -0.094   -0.091
   -0.091    0.316    0.326    0.326    0.463    0.463    0.481    0.625    2.281    2.590
    2.592    2.592    2.742    2.742    2.760    2.807    2.807    2.812    2.812    2.817
    2.817    3.036    3.036    3.063    3.106    3.106    3.111    3.117    3.117    3.124
    3.148    3.148    3.160    3.160    3.161    3.161    3.300    3.300    3.318    3.319
    3.319    3.338    3.643    3.667    3.667    3.724    3.879    3.913    3.913    4.068
    4.068    4.070    4.070    4.105    4.105    4.138    4.138    4.166    4.171    4.789
            0.316666  0.548482  0.000000
  -60.248  -60.247  -60.247  -60.232  -60.232  -60.231  -60.224  -60.224  -60.223  -60.223
  -60.223  -60.223  -60.217  -60.216  -60.216  -60.214  -34.520  -34.515  -34.515  -34.496
  -34.496  -34.490  -34.490  -34.487  -34.487  -34.458  -34.415  -34.403  -34.393  -34.393
  -34.369  -34.367  -34.367  -34.337  -34.337  -34.335  -34.328  -34.328  -34.321  -34.319
  -34.319  -34.318  -34.318  -34.317  -34.317  -34.305  -34.304  -34.304  -34.300  -34.273
  -34.273  -34.270  -34.270  -34.268  -34.268  -34.259  -34.258  -34.258  -34.254  -34.254
  -34.249  -34.204  -34.204  -34.201  -13.147  -13.105  -13.105  -12.395  -12.395  -12.331
  -11.998  -11.980  -11.980  -11.900  -11.900  -11.857  -11.857  -11.841  -11.841  -11.690
  -11.690  -11.664  -11.496  -11.496  -11.478  -11.478  -11.473  -11.473  -11.467  -11.453
  -11.453  -11.314  -11.312  -11.303  -11.303  -11.223   -4.731   -4.725   -4.725   -4.720
   -4.681   -4.681   -4.676   -4.676   -4.674   -4.674   -4.639   -4.596   -4.596   -4.405
   -4.405   -4.369   -4.264   -4.251   -4.251   -3.915   -3.827   -3.827   -3.809   -3.809
   -3.755   -3.755   -3.388   -3.291   -3.277   -3.277   -3.235   -3.235   -3.220   -3.220
   -3.213   -3.213   -3.166   -3.166   -3.159   -3.067   -2.973   -2.973   -2.897   -2.588
   -2.588   -2.542   -2.516   -2.497   -2.497   -2.476   -2.474   -2.474   -2.461   -2.461
   -2.454   -2.454   -2.438   -2.438   -2.203   -2.056   -2.056   -1.981   -1.747   -1.747
   -1.701   -1.660   -1.660   -1.609   -1.479   -1.432   -1.432   -1.354   -1.344   -1.319
   -1.319   -1.216   -1.216   -1.205   -1.046   -1.046   -0.987   -0.987   -0.964   -0.964
   -0.946   -0.946   -0.945   -0.945   -0.941   -0.941   -0.406   -0.380   -0.380   -0.341
   -0.321   -0.321   -0.143   -0.126   -0.126   -0.124   -0.124   -0.089   -0.089   -0.084
   -0.084    0.309    0.329    0.329    0.456    0.456    0.493    0.624    2.283    2.590
    2.594    2.594    2.737    2.737    2.771    2.802    2.802    2.813    2.813    2.821
    2.821    3.027    3.027    3.082    3.105    3.105    3.114    3.115    3.116    3.130
    3.140    3.140    3.163    3.163    3.167    3.167    3.295    3.295    3.312    3.312
    3.330    3.351    3.627    3.674    3.674    3.724    3.857    3.924    3.924    4.054
    4.054    4.060    4.060    4.126    4.126    4.128    4.128    4.164    4.194    4.780
            0.308333  0.534048  0.000000
  -60.249  -60.247  -60.247  -60.233  -60.233  -60.231  -60.224  -60.224  -60.223  -60.223
  -60.222  -60.222  -60.217  -60.216  -60.216  -60.214  -34.521  -34.515  -34.515  -34.498
  -34.498  -34.490  -34.490  -34.484  -34.484  -34.459  -34.414  -34.406  -34.392  -34.392
  -34.370  -34.367  -34.367  -34.337  -34.337  -34.334  -34.329  -34.329  -34.320  -34.320
  -34.318  -34.317  -34.317  -34.317  -34.317  -34.305  -34.304  -34.304  -34.300  -34.275
  -34.275  -34.270  -34.270  -34.267  -34.267  -34.261  -34.260  -34.260  -34.253  -34.253
  -34.246  -34.204  -34.204  -34.200  -13.161  -13.097  -13.097  -12.405  -12.405  -12.310
  -12.003  -11.977  -11.977  -11.917  -11.917  -11.853  -11.853  -11.829  -11.829  -11.694
  -11.694  -11.655  -11.503  -11.503  -11.475  -11.475  -11.472  -11.468  -11.468  -11.451
  -11.451  -11.315  -11.315  -11.302  -11.302  -11.223   -4.749   -4.741   -4.741   -4.718
   -4.675   -4.675   -4.666   -4.666   -4.663   -4.663   -4.652   -4.588   -4.588   -4.409
   -4.409   -4.357   -4.269   -4.250   -4.250   -3.922   -3.841   -3.841   -3.816   -3.816
   -3.734   -3.734   -3.380   -3.295   -3.273   -3.273   -3.241   -3.241   -3.219   -3.219
   -3.207   -3.207   -3.167   -3.167   -3.155   -3.100   -2.960   -2.960   -2.895   -2.601
   -2.601   -2.554   -2.493   -2.486   -2.486   -2.483   -2.483   -2.480   -2.459   -2.459
   -2.454   -2.454   -2.428   -2.428   -2.205   -2.071   -2.071   -1.956   -1.770   -1.770
   -1.714   -1.653   -1.653   -1.564   -1.477   -1.445   -1.445   -1.354   -1.329   -1.314
   -1.314   -1.217   -1.217   -1.201   -1.079   -1.079   -1.000   -1.000   -0.955   -0.955
   -0.940   -0.940   -0.937   -0.937   -0.919   -0.919   -0.416   -0.377   -0.377   -0.349
   -0.319   -0.319   -0.147   -0.136   -0.136   -0.122   -0.122   -0.083   -0.083   -0.078
   -0.078    0.302    0.331    0.331    0.449    0.449    0.505    0.621    2.286    2.590
    2.596    2.596    2.732    2.732    2.781    2.797    2.797    2.814    2.814    2.825
    2.825    3.017    3.017    3.100    3.103    3.103    3.115    3.115    3.118    3.132
    3.132    3.135    3.167    3.167    3.172    3.172    3.292    3.292    3.305    3.305
    3.343    3.364    3.612    3.680    3.680    3.725    3.835    3.936    3.936    4.041
    4.041    4.049    4.049    4.114    4.114    4.151    4.151    4.161    4.217    4.771
            0.300000  0.519615  0.000000
  -60.249  -60.247  -60.247  -60.233  -60.233  -60.230  -60.224  -60.224  -60.223  -60.223
  -60.222  -60.222  -60.217  -60.216  -60.216  -60.214  -34.522  -34.514  -34.514  -34.501
  -34.500  -34.489  -34.489  -34.482  -34.482  -34.459  -34.414  -34.409  -34.390  -34.390
  -34.370  -34.366  -34.366  -34.338  -34.338  -34.333  -34.330  -34.330  -34.320  -34.320
  -34.317  -34.317  -34.316  -34.316  -34.316  -34.305  -34.304  -34.304  -34.300  -34.276
  -34.276  -34.270  -34.270  -34.265  -34.265  -34.262  -34.262  -34.262  -34.252  -34.252
  -34.243  -34.205  -34.205  -34.200  -13.174  -13.088  -13.088  -12.415  -12.415  -12.288
  -12.009  -11.974  -11.974  -11.934  -11.934  -11.848  -11.848  -11.817  -11.817  -11.698
  -11.698  -11.646  -11.510  -11.510  -11.477  -11.473  -11.473  -11.464  -11.464  -11.450
  -11.450  -11.317  -11.316  -11.301  -11.301  -11.224   -4.766   -4.756   -4.756   -4.716
   -4.668   -4.668   -4.666   -4.656   -4.656   -4.652   -4.652   -4.580   -4.580   -4.414
   -4.414   -4.345   -4.276   -4.250   -4.250   -3.933   -3.855   -3.855   -3.823   -3.823
   -3.713   -3.713   -3.370   -3.299   -3.270   -3.270   -3.247   -3.247   -3.219   -3.219
   -3.202   -3.202   -3.168   -3.168   -3.150   -3.133   -2.949   -2.949   -2.892   -2.615
   -2.615   -2.566   -2.492   -2.492   -2.485   -2.474   -2.474   -2.470   -2.457   -2.457
   -2.454   -2.454   -2.418   -2.418   -2.208   -2.086   -2.086   -1.931   -1.793   -1.793
   -1.727   -1.645   -1.645   -1.518   -1.473   -1.457   -1.457   -1.366   -1.309   -1.309
   -1.305   -1.218   -1.218   -1.198   -1.112   -1.112   -1.012   -1.012   -0.946   -0.946
   -0.933   -0.933   -0.930   -0.930   -0.898   -0.898   -0.426   -0.376   -0.376   -0.358
   -0.318   -0.318   -0.150   -0.148   -0.148   -0.119   -0.119   -0.078   -0.078   -0.071
   -0.071    0.295    0.332    0.332    0.441    0.441    0.516    0.618    2.290    2.592
    2.598    2.598    2.727    2.727    2.792    2.793    2.793    2.815    2.815    2.829
    2.829    3.008    3.008    3.101    3.101    3.114    3.114    3.119    3.121    3.124
    3.124    3.142    3.171    3.171    3.178    3.178    3.289    3.289    3.298    3.298
    3.355    3.377    3.597    3.685    3.685    3.726    3.814    3.948    3.948    4.027
    4.027    4.038    4.038    4.102    4.102    4.157    4.173    4.173    4.240    4.761
            0.291666  0.505181  0.000000
  -60.249  -60.247  -60.247  -60.233  -60.233  -60.230  -60.224  -60.224  -60.223  -60.223
  -60.222  -60.222  -60.217  -60.216  -60.216  -60.214  -34.524  -34.513  -34.513  -34.503
  -34.503  -34.489  -34.489  -34.480  -34.480  -34.460  -34.412  -34.412  -34.389  -34.389
  -34.371  -34.366  -34.366  -34.338  -34.338  -34.332  -34.332  -34.332  -34.321  -34.321
  -34.317  -34.317  -34.316  -34.316  -34.313  -34.305  -34.304  -34.304  -34.300  -34.278
  -34.278  -34.270  -34.270  -34.264  -34.264  -34.264  -34.264  -34.264  -34.251  -34.251
  -34.240  -34.205  -34.205  -34.199  -13.187  -13.080  -13.080  -12.424  -12.424  -12.267
  -12.014  -11.970  -11.970  -11.952  -11.952  -11.843  -11.843  -11.805  -11.805  -11.702
  -11.702  -11.637  -11.517  -11.517  -11.481  -11.471  -11.471  -11.460  -11.460  -11.450
  -11.450  -11.320  -11.317  -11.300  -11.300  -11.225   -4.783   -4.772   -4.772   -4.714
   -4.679   -4.661   -4.661   -4.646   -4.646   -4.641   -4.641   -4.572   -4.572   -4.417
   -4.417   -4.333   -4.282   -4.250   -4.250   -3.945   -3.869   -3.869   -3.830   -3.830
   -3.691   -3.691   -3.357   -3.304   -3.266   -3.266   -3.254   -3.254   -3.218   -3.218
   -3.196   -3.196   -3.169   -3.169   -3.166   -3.145   -2.938   -2.938   -2.889   -2.628
   -2.628   -2.576   -2.500   -2.500   -2.489   -2.460   -2.460   -2.455   -2.455   -2.454
   -2.454   -2.446   -2.407   -2.407   -2.212   -2.101   -2.101   -1.906   -1.816   -1.816
   -1.739   -1.636   -1.636   -1.472   -1.469   -1.469   -1.469   -1.379   -1.304   -1.304
   -1.281   -1.217   -1.217   -1.195   -1.145   -1.145   -1.025   -1.025   -0.938   -0.938
   -0.927   -0.927   -0.924   -0.924   -0.876   -0.876   -0.437   -0.376   -0.376   -0.367
   -0.318   -0.318   -0.159   -0.159   -0.153   -0.116   -0.116   -0.073   -0.073   -0.065
   -0.065    0.289    0.333    0.333    0.433    0.433    0.526    0.614    2.296    2.594
    2.601    2.601    2.723    2.723    2.789    2.789    2.801    2.816    2.816    2.832
    2.832    2.998    2.998    3.099    3.099    3.115    3.115    3.116    3.116    3.125
    3.139    3.148    3.174    3.174    3.185    3.185    3.288    3.288    3.291    3.291
    3.368    3.389    3.582    3.689    3.689    3.727    3.793    3.959    3.959    4.013
    4.013    4.027    4.027    4.090    4.090    4.152    4.195    4.195    4.264    4.751
            0.283333  0.490747  0.000000
  -60.249  -60.247  -60.247  -60.233  -60.233  -60.230  -60.225  -60.225  -60.222  -60.222
  -60.222  -60.222  -60.217  -60.216  -60.216  -60.214  -34.525  -34.512  -34.512  -34.505
  -34.505  -34.489  -34.489  -34.477  -34.477  -34.461  -34.415  -34.411  -34.387  -34.387
  -34.371  -34.365  -34.365  -34.339  -34.339  -34.333  -34.333  -34.331  -34.322  -34.321
  -34.317  -34.317  -34.316  -34.316  -34.311  -34.306  -34.304  -34.304  -34.300  -34.279
  -34.279  -34.270  -34.270  -34.266  -34.266  -34.266  -34.263  -34.263  -34.250  -34.250
  -34.237  -34.206  -34.206  -34.198  -13.199  -13.071  -13.071  -12.434  -12.434  -12.246
  -12.019  -11.970  -11.970  -11.967  -11.967  -11.838  -11.838  -11.794  -11.794  -11.706
  -11.706  -11.629  -11.524  -11.524  -11.486  -11.468  -11.468  -11.455  -11.455  -11.449
  -11.449  -11.323  -11.319  -11.300  -11.300  -11.225   -4.799   -4.787   -4.787   -4.710
   -4.692   -4.654   -4.654   -4.635   -4.635   -4.630   -4.630   -4.564   -4.564   -4.421
   -4.421   -4.321   -4.289   -4.250   -4.250   -3.960   -3.882   -3.882   -3.838   -3.838
   -3.669   -3.669   -3.342   -3.308   -3.261   -3.261   -3.260   -3.260   -3.218   -3.218
   -3.200   -3.190   -3.190   -3.169   -3.169   -3.139   -2.929   -2.929   -2.885   -2.643
   -2.643   -2.586   -2.509   -2.509   -2.492   -2.455   -2.455   -2.454   -2.454   -2.445
   -2.445   -2.424   -2.396   -2.396   -2.216   -2.118   -2.118   -1.880   -1.839   -1.839
   -1.752   -1.628   -1.628   -1.480   -1.480   -1.464   -1.427   -1.393   -1.299   -1.299
   -1.258   -1.217   -1.217   -1.193   -1.179   -1.179   -1.036   -1.036   -0.931   -0.931
   -0.920   -0.920   -0.917   -0.917   -0.854   -0.854   -0.448   -0.377   -0.377   -0.376
   -0.318   -0.318   -0.170   -0.170   -0.154   -0.112   -0.112   -0.067   -0.067   -0.059
   -0.059    0.282    0.334    0.334    0.425    0.425    0.536    0.608    2.302    2.597
    2.605    2.605    2.719    2.719    2.786    2.786    2.810    2.817    2.817    2.835
    2.835    2.988    2.988    3.097    3.097    3.108    3.108    3.116    3.116    3.128
    3.155    3.158    3.178    3.178    3.191    3.191    3.284    3.284    3.287    3.287
    3.381    3.402    3.568    3.693    3.693    3.729    3.772    3.971    3.971    3.999
    3.999    4.015    4.015    4.077    4.077    4.146    4.216    4.216    4.288    4.741
            0.275000  0.476313  0.000000
  -60.250  -60.246  -60.246  -60.233  -60.233  -60.229  -60.225  -60.225  -60.222  -60.222
  -60.222  -60.222  -60.217  -60.216  -60.216  -60.214  -34.526  -34.511  -34.511  -34.507
  -34.507  -34.488  -34.488  -34.475  -34.475  -34.462  -34.418  -34.410  -34.386  -34.386
  -34.372  -34.365  -34.365  -34.339  -34.339  -34.334  -34.334  -34.331  -34.322  -34.322
  -34.317  -34.317  -34.315  -34.315  -34.309  -34.306  -34.304  -34.304  -34.300  -34.281
  -34.281  -34.270  -34.270  -34.268  -34.268  -34.268  -34.262  -34.262  -34.249  -34.249
  -34.234  -34.206  -34.206  -34.197  -13.211  -13.062  -13.062  -12.443  -12.443  -12.224
  -12.024  -11.988  -11.988  -11.963  -11.963  -11.832  -11.832  -11.782  -11.782  -11.710
  -11.710  -11.620  -11.531  -11.531  -11.491  -11.465  -11.465  -11.451  -11.451  -11.449
  -11.449  -11.326  -11.321  -11.299  -11.299  -11.227   -4.815   -4.802   -4.802   -4.707
   -4.705   -4.646   -4.646   -4.625   -4.625   -4.618   -4.618   -4.555   -4.555   -4.423
   -4.423   -4.309   -4.296   -4.251   -4.251   -3.976   -3.894   -3.894   -3.846   -3.846
   -3.648   -3.648   -3.325   -3.312   -3.266   -3.266   -3.256   -3.256   -3.234   -3.217
   -3.217   -3.184   -3.184   -3.169   -3.169   -3.132   -2.921   -2.921   -2.881   -2.657
   -2.657   -2.595   -2.517   -2.517   -2.496   -2.455   -2.455   -2.453   -2.453   -2.429
   -2.429   -2.401   -2.384   -2.384   -2.222   -2.135   -2.135   -1.862   -1.862   -1.855
   -1.764   -1.618   -1.618   -1.491   -1.491   -1.457   -1.408   -1.382   -1.294   -1.294
   -1.235   -1.216   -1.216   -1.213   -1.213   -1.191   -1.048   -1.047   -0.924   -0.924
   -0.914   -0.914   -0.911   -0.911   -0.832   -0.832   -0.459   -0.386   -0.378   -0.378
   -0.320   -0.320   -0.181   -0.181   -0.155   -0.109   -0.109   -0.062   -0.062   -0.054
   -0.054    0.276    0.333    0.333    0.416    0.416    0.545    0.602    2.310    2.601
    2.609    2.609    2.716    2.716    2.783    2.783    2.819    2.819    2.819    2.838
    2.838    2.978    2.978    3.095    3.095    3.100    3.100    3.118    3.118    3.132
    3.163    3.178    3.182    3.182    3.198    3.198    3.277    3.277    3.288    3.288
    3.394    3.414    3.554    3.695    3.695    3.731    3.751    3.983    3.983    3.985
    3.985    4.004    4.004    4.065    4.065    4.139    4.237    4.237    4.312    4.730
            0.266666  0.461880  0.000000
  -60.250  -60.246  -60.246  -60.234  -60.234  -60.229  -60.225  -60.225  -60.222  -60.222
  -60.221  -60.221  -60.217  -60.216  -60.216  -60.214  -34.527  -34.510  -34.510  -34.509
  -34.509  -34.488  -34.488  -34.472  -34.472  -34.463  -34.421  -34.408  -34.385  -34.385
  -34.372  -34.365  -34.365  -34.339  -34.339  -34.335  -34.335  -34.330  -34.323  -34.323
  -34.317  -34.317  -34.315  -34.315  -34.307  -34.306  -34.304  -34.304  -34.300  -34.282
  -34.282  -34.270  -34.270  -34.270  -34.270  -34.270  -34.260  -34.260  -34.248  -34.248
  -34.231  -34.207  -34.207  -34.197  -13.223  -13.052  -13.052  -12.452  -12.452  -12.203
  -12.029  -12.006  -12.006  -11.959  -11.959  -11.827  -11.827  -11.771  -11.771  -11.714
  -11.714  -11.611  -11.538  -11.538  -11.495  -11.463  -11.463  -11.450  -11.450  -11.447
  -11.447  -11.329  -11.323  -11.299  -11.299  -11.228   -4.831   -4.817   -4.817   -4.718
   -4.702   -4.639   -4.639   -4.614   -4.614   -4.606   -4.606   -4.546   -4.546   -4.425
   -4.425   -4.304   -4.298   -4.252   -4.252   -3.993   -3.907   -3.907   -3.855   -3.855
   -3.626   -3.626   -3.317   -3.307   -3.273   -3.273   -3.268   -3.250   -3.250   -3.217
   -3.217   -3.178   -3.178   -3.170   -3.170   -3.126   -2.914   -2.914   -2.876   -2.672
   -2.672   -2.603   -2.524   -2.524   -2.499   -2.456   -2.456   -2.452   -2.452   -2.411
   -2.411   -2.379   -2.372   -2.372   -2.228   -2.153   -2.153   -1.885   -1.885   -1.829
   -1.775   -1.609   -1.609   -1.502   -1.502   -1.450   -1.425   -1.337   -1.288   -1.288
   -1.247   -1.247   -1.214   -1.214   -1.213   -1.189   -1.058   -1.058   -0.918   -0.918
   -0.908   -0.908   -0.905   -0.905   -0.810   -0.810   -0.471   -0.397   -0.381   -0.381
   -0.322   -0.322   -0.191   -0.191   -0.155   -0.106   -0.106   -0.057   -0.057   -0.048
   -0.048    0.269    0.332    0.332    0.407    0.407    0.555    0.595    2.318    2.606
    2.613    2.613    2.713    2.713    2.781    2.781    2.820    2.820    2.827    2.840
    2.840    2.968    2.968    3.092    3.092    3.092    3.092    3.121    3.121    3.135
    3.171    3.185    3.185    3.197    3.205    3.205    3.270    3.270    3.289    3.289
    3.407    3.427    3.540    3.697    3.697    3.731    3.733    3.971    3.971    3.993
    3.993    3.995    3.995    4.052    4.052    4.130    4.257    4.257    4.336    4.719
            0.258333  0.447446  0.000000
  -60.250  -60.246  -60.246  -60.234  -60.234  -60.228  -60.226  -60.226  -60.222  -60.222
  -60.221  -60.221  -60.217  -60.216  -60.216  -60.214  -34.528  -34.512  -34.512  -34.509
  -34.509  -34.487  -34.487  -34.470  -34.469  -34.464  -34.424  -34.406  -34.384  -34.384
  -34.373  -34.364  -34.364  -34.340  -34.340  -34.336  -34.336  -34.329  -34.323  -34.323
  -34.316  -34.316  -34.314  -34.314  -34.306  -34.305  -34.304  -34.304  -34.300  -34.284
  -34.284  -34.273  -34.272  -34.272  -34.270  -34.270  -34.259  -34.259  -34.247  -34.247
  -34.229  -34.207  -34.207  -34.196  -13.235  -13.042  -13.042  -12.461  -12.461  -12.182
  -12.034  -12.024  -12.024  -11.955  -11.955  -11.821  -11.821  -11.760  -11.760  -11.718
  -11.718  -11.602  -11.546  -11.546  -11.500  -11.460  -11.460  -11.450  -11.450  -11.443
  -11.443  -11.331  -11.326  -11.299  -11.299  -11.229   -4.846   -4.831   -4.831   -4.730
   -4.697   -4.631   -4.631   -4.604   -4.604   -4.594   -4.594   -4.537   -4.537   -4.427
   -4.427   -4.311   -4.287   -4.253   -4.253   -4.011   -3.918   -3.918   -3.863   -3.863
   -3.604   -3.604   -3.321   -3.301   -3.288   -3.279   -3.279   -3.244   -3.244   -3.217
   -3.217   -3.171   -3.171   -3.170   -3.170   -3.118   -2.908   -2.908   -2.870   -2.688
   -2.688   -2.610   -2.532   -2.532   -2.502   -2.457   -2.457   -2.452   -2.452   -2.392
   -2.392   -2.359   -2.359   -2.357   -2.235   -2.172   -2.172   -1.907   -1.907   -1.803
   -1.787   -1.599   -1.599   -1.512   -1.512   -1.442   -1.442   -1.293   -1.283   -1.283
   -1.282   -1.282   -1.212   -1.212   -1.192   -1.187   -1.069   -1.069   -0.912   -0.912
   -0.902   -0.902   -0.900   -0.900   -0.788   -0.788   -0.483   -0.408   -0.384   -0.384
   -0.325   -0.325   -0.201   -0.201   -0.154   -0.102   -0.102   -0.052   -0.052   -0.043
   -0.043    0.263    0.331    0.331    0.397    0.397    0.563    0.587    2.328    2.612
    2.618    2.618    2.710    2.710    2.779    2.779    2.822    2.822    2.834    2.842
    2.842    2.959    2.959    3.084    3.084    3.090    3.090    3.124    3.124    3.139
    3.179    3.189    3.189    3.213    3.213    3.217    3.263    3.263    3.292    3.292
    3.420    3.439    3.527    3.698    3.698    3.712    3.735    3.958    3.958    3.981
    3.981    4.007    4.007    4.039    4.039    4.121    4.277    4.277    4.360    4.708
            0.250000  0.433012  0.000000
  -60.251  -60.246  -60.246  -60.234  -60.234  -60.228  -60.226  -60.226  -60.222  -60.222
  -60.221  -60.221  -60.217  -60.216  -60.216  -60.214  -34.529  -34.514  -34.514  -34.508
  -34.508  -34.487  -34.487  -34.467  -34.467  -34.466  -34.427  -34.405  -34.383  -34.383
  -34.374  -34.364  -34.364  -34.340  -34.340  -34.337  -34.337  -34.328  -34.324  -34.324
  -34.316  -34.316  -34.314  -34.314  -34.306  -34.304  -34.304  -34.302  -34.300  -34.286
  -34.286  -34.275  -34.275  -34.274  -34.270  -34.270  -34.258  -34.258  -34.246  -34.246
  -34.226  -34.208  -34.208  -34.195  -13.246  -13.032  -13.032  -12.470  -12.470  -12.161
  -12.042  -12.042  -12.038  -11.951  -11.951  -11.816  -11.816  -11.749  -11.749  -11.721
  -11.721  -11.594  -11.553  -11.553  -11.504  -11.457  -11.457  -11.451  -11.451  -11.439
  -11.439  -11.334  -11.329  -11.299  -11.299  -11.231   -4.861   -4.846   -4.846   -4.742
   -4.692   -4.624   -4.624   -4.593   -4.593   -4.582   -4.582   -4.528   -4.528   -4.428
   -4.428   -4.319   -4.276   -4.255   -4.255   -4.029   -3.930   -3.930   -3.872   -3.872
   -3.582   -3.582   -3.335   -3.325   -3.285   -3.285   -3.268   -3.238   -3.238   -3.218
   -3.218   -3.170   -3.170   -3.164   -3.164   -3.111   -2.903   -2.903   -2.864   -2.703
   -2.703   -2.617   -2.539   -2.539   -2.504   -2.458   -2.458   -2.452   -2.452   -2.373
   -2.373   -2.345   -2.345   -2.335   -2.242   -2.191   -2.191   -1.930   -1.930   -1.798
   -1.778   -1.589   -1.589   -1.522   -1.522   -1.460   -1.433   -1.317   -1.317   -1.277
   -1.277   -1.249   -1.209   -1.209   -1.185   -1.171   -1.078   -1.078   -0.907   -0.907
   -0.896   -0.896   -0.895   -0.895   -0.766   -0.766   -0.495   -0.419   -0.389   -0.389
   -0.329   -0.329   -0.210   -0.210   -0.152   -0.099   -0.099   -0.046   -0.046   -0.038
   -0.038    0.256    0.329    0.329    0.387    0.387    0.571    0.578    2.339    2.618
    2.623    2.623    2.708    2.708    2.778    2.778    2.824    2.824    2.841    2.844
    2.844    2.949    2.949    3.075    3.075    3.088    3.088    3.129    3.129    3.142
    3.187    3.193    3.193    3.220    3.220    3.237    3.255    3.255    3.295    3.295
    3.434    3.451    3.515    3.693    3.698    3.698    3.737    3.944    3.944    3.969
    3.969    4.019    4.019    4.026    4.026    4.110    4.296    4.296    4.385    4.697
            0.241666  0.418579  0.000000
  -60.251  -60.245  -60.245  -60.234  -60.234  -60.228  -60.226  -60.226  -60.222  -60.222
  -60.221  -60.221  -60.217  -60.216  -60.216  -60.214  -34.531  -34.516  -34.516  -34.507
  -34.507  -34.486  -34.486  -34.467  -34.464  -34.464  -34.430  -34.403  -34.382  -34.382
  -34.374  -34.363  -34.363  -34.340  -34.340  -34.338  -34.338  -34.327  -34.325  -34.325
  -34.316  -34.316  -34.314  -34.314  -34.306  -34.304  -34.304  -34.300  -34.300  -34.288
  -34.288  -34.277  -34.277  -34.276  -34.270  -34.270  -34.257  -34.257  -34.245  -34.245
  -34.224  -34.208  -34.208  -34.195  -13.257  -13.021  -13.021  -12.478  -12.478  -12.140
  -12.061  -12.061  -12.043  -11.947  -11.947  -11.810  -11.810  -11.738  -11.738  -11.725
  -11.725  -11.585  -11.560  -11.560  -11.508  -11.454  -11.454  -11.453  -11.453  -11.435
  -11.435  -11.337  -11.333  -11.299  -11.299  -11.232   -4.875   -4.860   -4.860   -4.754
   -4.685   -4.616   -4.616   -4.583   -4.583   -4.570   -4.570   -4.519   -4.519   -4.429
   -4.429   -4.327   -4.265   -4.257   -4.257   -4.048   -3.941   -3.941   -3.882   -3.882
   -3.560   -3.560   -3.369   -3.329   -3.292   -3.292   -3.248   -3.231   -3.231   -3.218
   -3.218   -3.170   -3.170   -3.157   -3.157   -3.103   -2.899   -2.899   -2.857   -2.719
   -2.719   -2.622   -2.545   -2.545   -2.507   -2.460   -2.460   -2.452   -2.452   -2.352
   -2.352   -2.331   -2.331   -2.314   -2.250   -2.211   -2.211   -1.952   -1.952   -1.809
   -1.752   -1.579   -1.579   -1.532   -1.532   -1.479   -1.424   -1.352   -1.352   -1.271
   -1.271   -1.206   -1.206   -1.205   -1.184   -1.151   -1.088   -1.088   -0.903   -0.903
   -0.890   -0.890   -0.890   -0.890   -0.744   -0.744   -0.508   -0.431   -0.394   -0.394
   -0.333   -0.333   -0.219   -0.219   -0.150   -0.096   -0.096   -0.041   -0.041   -0.033
   -0.033    0.250    0.326    0.326    0.376    0.376    0.568    0.579    2.350    2.626
    2.629    2.629    2.707    2.707    2.777    2.777    2.826    2.826    2.846    2.846
    2.847    2.939    2.939    3.067    3.067    3.085    3.085    3.134    3.134    3.146
    3.195    3.197    3.197    3.228    3.228    3.248    3.248    3.257    3.299    3.299
    3.447    3.462    3.503    3.674    3.697    3.697    3.740    3.931    3.931    3.957
    3.957    4.013    4.013    4.031    4.031    4.098    4.314    4.314    4.409    4.685
            0.233333  0.404145  0.000000
  -60.251  -60.245  -60.245  -60.234  -60.234  -60.227  -60.227  -60.227  -60.222  -60.222
  -60.221  -60.221  -60.217  -60.216  -60.216  -60.214  -34.532  -34.518  -34.518  -34.506
  -34.506  -34.486  -34.486  -34.468  -34.461  -34.461  -34.433  -34.401  -34.381  -34.381
  -34.375  -34.363  -34.363  -34.341  -34.341  -34.339  -34.339  -34.327  -34.325  -34.325
  -34.316  -34.316  -34.313  -34.313  -34.307  -34.304  -34.304  -34.300  -34.298  -34.289
  -34.289  -34.280  -34.280  -34.277  -34.270  -34.270  -34.255  -34.255  -34.244  -34.244
  -34.221  -34.209  -34.209  -34.194  -13.267  -13.011  -13.011  -12.486  -12.486  -12.119
  -12.079  -12.079  -12.047  -11.942  -11.942  -11.804  -11.804  -11.728  -11.728  -11.728
  -11.728  -11.576  -11.568  -11.568  -11.512  -11.454  -11.454  -11.451  -11.451  -11.432
  -11.432  -11.339  -11.336  -11.299  -11.299  -11.234   -4.889   -4.874   -4.874   -4.766
   -4.679   -4.608   -4.608   -4.572   -4.572   -4.557   -4.557   -4.510   -4.510   -4.429
   -4.429   -4.335   -4.259   -4.259   -4.254   -4.068   -3.952   -3.952   -3.892   -3.892
   -3.538   -3.538   -3.403   -3.333   -3.298   -3.298   -3.227   -3.223   -3.223   -3.218
   -3.218   -3.169   -3.169   -3.150   -3.150   -3.096   -2.896   -2.896   -2.850   -2.735
   -2.735   -2.628   -2.552   -2.552   -2.509   -2.462   -2.462   -2.452   -2.452   -2.331
   -2.331   -2.317   -2.317   -2.293   -2.259   -2.232   -2.232   -1.974   -1.974   -1.820
   -1.726   -1.568   -1.568   -1.541   -1.541   -1.499   -1.413   -1.387   -1.387   -1.265
   -1.265   -1.202   -1.202   -1.183   -1.162   -1.132   -1.097   -1.097   -0.900   -0.900
   -0.886   -0.886   -0.883   -0.883   -0.723   -0.723   -0.521   -0.443   -0.400   -0.400
   -0.339   -0.339   -0.227   -0.227   -0.147   -0.093   -0.093   -0.036   -0.036   -0.028
   -0.028    0.243    0.323    0.323    0.366    0.366    0.558    0.587    2.363    2.634
    2.635    2.635    2.706    2.706    2.777    2.777    2.828    2.828    2.847    2.847
    2.853    2.930    2.930    3.059    3.059    3.082    3.082    3.140    3.140    3.150
    3.202    3.202    3.204    3.235    3.235    3.240    3.240    3.277    3.305    3.305
    3.460    3.474    3.491    3.656    3.695    3.695    3.742    3.917    3.917    3.945
    3.945    4.000    4.000    4.043    4.043    4.085    4.331    4.331    4.433    4.673
            0.225000  0.389711  0.000000
  -60.251  -60.245  -60.245  -60.234  -60.234  -60.227  -60.227  -60.227  -60.222  -60.222
  -60.221  -60.221  -60.217  -60.216  -60.216  -60.214  -34.533  -34.520  -34.519  -34.504
  -34.504  -34.486  -34.486  -34.469  -34.458  -34.458  -34.435  -34.399  -34.380  -34.380
  -34.375  -34.362  -34.362  -34.341  -34.341  -34.340  -34.340  -34.326  -34.326  -34.326
  -34.315  -34.315  -34.313  -34.313  -34.307  -34.304  -34.304  -34.301  -34.296  -34.291
  -34.291  -34.282  -34.282  -34.279  -34.270  -34.270  -34.254  -34.254  -34.243  -34.243
  -34.219  -34.209  -34.209  -34.193  -13.277  -12.999  -12.999  -12.494  -12.494  -12.098
  -12.098  -12.098  -12.051  -11.938  -11.938  -11.797  -11.797  -11.731  -11.731  -11.718
  -11.718  -11.575  -11.575  -11.567  -11.516  -11.456  -11.456  -11.448  -11.448  -11.428
  -11.428  -11.342  -11.341  -11.300  -11.300  -11.236   -4.903   -4.887   -4.887   -4.777
   -4.671   -4.600   -4.600   -4.562   -4.562   -4.545   -4.545   -4.500   -4.500   -4.428
   -4.428   -4.343   -4.261   -4.261   -4.244   -4.087   -3.962   -3.962   -3.902   -3.902
   -3.516   -3.516   -3.437   -3.337   -3.304   -3.304   -3.219   -3.219   -3.215   -3.215
   -3.207   -3.169   -3.169   -3.142   -3.142   -3.088   -2.893   -2.893   -2.841   -2.752
   -2.752   -2.632   -2.557   -2.557   -2.511   -2.463   -2.463   -2.453   -2.453   -2.308
   -2.308   -2.302   -2.302   -2.273   -2.268   -2.253   -2.253   -1.996   -1.996   -1.830
   -1.700   -1.556   -1.556   -1.550   -1.550   -1.520   -1.423   -1.423   -1.402   -1.259
   -1.259   -1.198   -1.198   -1.183   -1.119   -1.114   -1.105   -1.105   -0.898   -0.898
   -0.882   -0.882   -0.877   -0.877   -0.701   -0.701   -0.534   -0.456   -0.407   -0.407
   -0.345   -0.345   -0.234   -0.234   -0.144   -0.090   -0.090   -0.032   -0.032   -0.024
   -0.024    0.236    0.320    0.320    0.354    0.354    0.547    0.594    2.376    2.642
    2.642    2.643    2.705    2.705    2.777    2.777    2.830    2.830    2.848    2.848
    2.857    2.921    2.921    3.051    3.051    3.079    3.079    3.146    3.146    3.153
    3.206    3.206    3.213    3.232    3.232    3.243    3.243    3.297    3.310    3.310
    3.473    3.481    3.485    3.638    3.693    3.693    3.745    3.904    3.904    3.933
    3.933    3.987    3.987    4.055    4.055    4.071    4.348    4.348    4.456    4.661
            0.216666  0.375277  0.000000
  -60.252  -60.245  -60.245  -60.235  -60.235  -60.227  -60.227  -60.227  -60.222  -60.222
  -60.220  -60.220  -60.217  -60.216  -60.216  -60.214  -34.534  -34.521  -34.521  -34.503
  -34.503  -34.485  -34.485  -34.470  -34.456  -34.456  -34.438  -34.397  -34.379  -34.379
  -34.375  -34.362  -34.362  -34.341  -34.341  -34.340  -34.340  -34.327  -34.327  -34.325
  -34.315  -34.315  -34.313  -34.313  -34.307  -34.304  -34.304  -34.301  -34.295  -34.293
  -34.293  -34.285  -34.285  -34.281  -34.270  -34.270  -34.253  -34.253  -34.242  -34.242
  -34.216  -34.210  -34.210  -34.193  -13.287  -12.988  -12.988  -12.502  -12.502  -12.117
  -12.117  -12.077  -12.055  -11.933  -11.933  -11.791  -11.791  -11.735  -11.735  -11.708
  -11.708  -11.583  -11.583  -11.559  -11.520  -11.459  -11.459  -11.445  -11.445  -11.424
  -11.424  -11.345  -11.344  -11.300  -11.300  -11.239   -4.916   -4.900   -4.900   -4.788
   -4.663   -4.592   -4.592   -4.552   -4.552   -4.532   -4.532   -4.491   -4.491   -4.427
   -4.427   -4.351   -4.264   -4.264   -4.234   -4.106   -3.972   -3.972   -3.913   -3.912
   -3.494   -3.494   -3.470   -3.341   -3.310   -3.310   -3.219   -3.219   -3.206   -3.206
   -3.186   -3.169   -3.169   -3.135   -3.135   -3.080   -2.891   -2.891   -2.832   -2.768
   -2.768   -2.636   -2.563   -2.563   -2.512   -2.465   -2.465   -2.454   -2.454   -2.287
   -2.287   -2.286   -2.286   -2.277   -2.275   -2.275   -2.253   -2.017   -2.017   -1.840
   -1.673   -1.559   -1.559   -1.545   -1.545   -1.541   -1.459   -1.459   -1.391   -1.254
   -1.254   -1.193   -1.193   -1.182   -1.113   -1.113   -1.096   -1.077   -0.896   -0.896
   -0.879   -0.879   -0.871   -0.871   -0.680   -0.680   -0.547   -0.469   -0.415   -0.415
   -0.352   -0.352   -0.240   -0.240   -0.139   -0.088   -0.088   -0.027   -0.027   -0.019
   -0.019    0.230    0.316    0.316    0.343    0.343    0.535    0.600    2.390    2.649
    2.649    2.652    2.705    2.705    2.778    2.778    2.833    2.833    2.849    2.849
    2.862    2.912    2.912    3.043    3.043    3.076    3.076    3.154    3.154    3.156
    3.210    3.210    3.222    3.225    3.225    3.251    3.251    3.317    3.317    3.317
    3.471    3.487    3.496    3.621    3.690    3.690    3.748    3.892    3.892    3.921
    3.921    3.974    3.974    4.055    4.067    4.067    4.364    4.364    4.479    4.649
            0.208333  0.360844  0.000000
  -60.252  -60.244  -60.244  -60.235  -60.235  -60.228  -60.228  -60.226  -60.222  -60.222
  -60.220  -60.220  -60.218  -60.216  -60.216  -60.214  -34.535  -34.523  -34.523  -34.502
  -34.502  -34.485  -34.485  -34.471  -34.453  -34.453  -34.440  -34.395  -34.378  -34.378
  -34.376  -34.361  -34.361  -34.342  -34.342  -34.341  -34.341  -34.327  -34.327  -34.324
  -34.315  -34.315  -34.313  -34.313  -34.307  -34.305  -34.305  -34.301  -34.295  -34.295
  -34.293  -34.287  -34.287  -34.283  -34.270  -34.270  -34.252  -34.252  -34.241  -34.241
  -34.214  -34.210  -34.210  -34.192  -13.297  -12.976  -12.976  -12.509  -12.509  -12.135
  -12.135  -12.059  -12.056  -11.928  -11.928  -11.785  -11.785  -11.738  -11.738  -11.699
  -11.699  -11.590  -11.590  -11.550  -11.524  -11.462  -11.461  -11.442  -11.442  -11.421
  -11.421  -11.350  -11.347  -11.301  -11.301  -11.241   -4.928   -4.913   -4.913   -4.798
   -4.654   -4.584   -4.584   -4.542   -4.542   -4.520   -4.520   -4.481   -4.481   -4.425
   -4.425   -4.359   -4.267   -4.267   -4.224   -4.126   -3.981   -3.981   -3.923   -3.923
   -3.504   -3.472   -3.472   -3.345   -3.316   -3.316   -3.220   -3.220   -3.197   -3.197
   -3.168   -3.168   -3.166   -3.127   -3.127   -3.072   -2.890   -2.890   -2.822   -2.785
   -2.785   -2.639   -2.568   -2.568   -2.514   -2.467   -2.467   -2.456   -2.456   -2.296
   -2.296   -2.287   -2.271   -2.271   -2.262   -2.262   -2.233   -2.038   -2.038   -1.850
   -1.647   -1.568   -1.568   -1.564   -1.533   -1.533   -1.495   -1.495   -1.378   -1.248
   -1.248   -1.188   -1.188   -1.182   -1.120   -1.120   -1.079   -1.035   -0.895   -0.895
   -0.876   -0.876   -0.865   -0.865   -0.659   -0.659   -0.561   -0.482   -0.424   -0.424
   -0.359   -0.359   -0.245   -0.245   -0.135   -0.085   -0.085   -0.022   -0.022   -0.015
   -0.015    0.223    0.311    0.311    0.331    0.331    0.522    0.606    2.405    2.656
    2.656    2.663    2.705    2.705    2.779    2.779    2.835    2.835    2.850    2.850
    2.866    2.904    2.904    3.035    3.035    3.073    3.073    3.160    3.162    3.162
    3.215    3.215    3.217    3.217    3.232    3.259    3.259    3.325    3.325    3.337
    3.461    3.500    3.506    3.604    3.686    3.686    3.750    3.880    3.880    3.909
    3.909    3.961    3.962    4.039    4.079    4.079    4.378    4.378    4.501    4.637
            0.200000  0.346410  0.000000
  -60.252  -60.244  -60.244  -60.235  -60.235  -60.228  -60.228  -60.226  -60.221  -60.221
  -60.220  -60.220  -60.218  -60.216  -60.216  -60.215  -34.535  -34.525  -34.525  -34.501
  -34.501  -34.484  -34.484  -34.473  -34.450  -34.450  -34.443  -34.393  -34.377  -34.377
  -34.376  -34.361  -34.361  -34.342  -34.342  -34.342  -34.342  -34.328  -34.328  -34.324
  -34.315  -34.315  -34.312  -34.312  -34.307  -34.305  -34.305  -34.301  -34.297  -34.297
  -34.291  -34.290  -34.290  -34.285  -34.270  -34.270  -34.251  -34.251  -34.240  -34.240
  -34.212  -34.211  -34.211  -34.192  -13.306  -12.964  -12.964  -12.516  -12.516  -12.154
  -12.154  -12.063  -12.036  -11.923  -11.923  -11.778  -11.778  -11.741  -11.741  -11.690
  -11.690  -11.598  -11.598  -11.542  -11.528  -11.464  -11.464  -11.439  -11.439  -11.418
  -11.418  -11.356  -11.349  -11.302  -11.302  -11.244   -4.940   -4.926   -4.926   -4.808
   -4.645   -4.576   -4.576   -4.532   -4.532   -4.507   -4.507   -4.472   -4.472   -4.423
   -4.423   -4.367   -4.269   -4.269   -4.214   -4.145   -3.990   -3.990   -3.934   -3.934
   -3.537   -3.450   -3.450   -3.349   -3.322   -3.322   -3.221   -3.221   -3.187   -3.187
   -3.168   -3.168   -3.146   -3.119   -3.119   -3.064   -2.889   -2.889   -2.811   -2.802
   -2.802   -2.642   -2.572   -2.572   -2.515   -2.470   -2.470   -2.458   -2.458   -2.319
   -2.319   -2.298   -2.255   -2.255   -2.239   -2.239   -2.215   -2.059   -2.059   -1.859
   -1.621   -1.587   -1.577   -1.577   -1.530   -1.530   -1.521   -1.521   -1.365   -1.242
   -1.242   -1.182   -1.182   -1.182   -1.128   -1.128   -1.062   -0.994   -0.896   -0.896
   -0.873   -0.873   -0.859   -0.859   -0.639   -0.639   -0.575   -0.496   -0.433   -0.433
   -0.368   -0.368   -0.250   -0.250   -0.130   -0.082   -0.082   -0.018   -0.018   -0.010
   -0.010    0.216    0.306    0.306    0.318    0.318    0.509    0.612    2.421    2.664
    2.664    2.674    2.706    2.706    2.781    2.781    2.837    2.837    2.851    2.851
    2.869    2.895    2.895    3.027    3.027    3.070    3.070    3.163    3.171    3.171
    3.208    3.208    3.220    3.220    3.241    3.266    3.266    3.333    3.333    3.356
    3.452    3.513    3.516    3.588    3.681    3.681    3.753    3.868    3.868    3.896
    3.896    3.949    3.949    4.022    4.091    4.091    4.392    4.392    4.522    4.624
            0.191666  0.331976  0.000000
  -60.252  -60.244  -60.244  -60.235  -60.235  -60.228  -60.228  -60.225  -60.221  -60.221
  -60.220  -60.220  -60.218  -60.216  -60.216  -60.215  -34.536  -34.527  -34.527  -34.500
  -34.500  -34.484  -34.484  -34.474  -34.447  -34.447  -34.445  -34.390  -34.377  -34.376
  -34.376  -34.360  -34.360  -34.343  -34.343  -34.342  -34.342  -34.329  -34.329  -34.323
  -34.315  -34.315  -34.312  -34.312  -34.307  -34.305  -34.305  -34.301  -34.299  -34.299
  -34.293  -34.293  -34.289  -34.287  -34.270  -34.270  -34.250  -34.250  -34.239  -34.239
  -34.212  -34.212  -34.210  -34.191  -13.315  -12.952  -12.952  -12.523  -12.523  -12.173
  -12.173  -12.066  -12.015  -11.918  -11.918  -11.771  -11.771  -11.743  -11.743  -11.681
  -11.681  -11.605  -11.605  -11.533  -11.532  -11.468  -11.468  -11.435  -11.435  -11.415
  -11.415  -11.361  -11.351  -11.303  -11.303  -11.247   -4.952   -4.938   -4.938   -4.818
   -4.635   -4.568   -4.568   -4.523   -4.523   -4.495   -4.495   -4.462   -4.462   -4.421
   -4.421   -4.374   -4.272   -4.272   -4.205   -4.163   -3.999   -3.999   -3.946   -3.946
   -3.570   -3.428   -3.428   -3.352   -3.327   -3.327   -3.221   -3.221   -3.177   -3.177
   -3.167   -3.167   -3.127   -3.111   -3.111   -3.056   -2.888   -2.888   -2.819   -2.819
   -2.799   -2.644   -2.576   -2.576   -2.516   -2.472   -2.472   -2.460   -2.460   -2.342
   -2.342   -2.308   -2.239   -2.239   -2.215   -2.215   -2.196   -2.079   -2.079   -1.868
   -1.610   -1.595   -1.586   -1.586   -1.566   -1.566   -1.508   -1.508   -1.352   -1.236
   -1.236   -1.182   -1.176   -1.176   -1.134   -1.134   -1.046   -0.953   -0.897   -0.897
   -0.872   -0.872   -0.853   -0.853   -0.618   -0.618   -0.589   -0.511   -0.443   -0.443
   -0.376   -0.376   -0.253   -0.253   -0.124   -0.080   -0.080   -0.014   -0.014   -0.006
   -0.006    0.208    0.300    0.300    0.305    0.305    0.495    0.618    2.437    2.672
    2.672    2.685    2.707    2.707    2.783    2.783    2.839    2.839    2.852    2.852
    2.871    2.887    2.887    3.019    3.019    3.067    3.067    3.167    3.180    3.180
    3.200    3.200    3.225    3.225    3.250    3.274    3.274    3.341    3.341    3.376
    3.444    3.526    3.526    3.572    3.676    3.676    3.756    3.856    3.856    3.883
    3.883    3.937    3.937    4.004    4.104    4.104    4.405    4.405    4.541    4.612
            0.183333  0.317542  0.000000
  -60.252  -60.244  -60.244  -60.235  -60.235  -60.229  -60.229  -60.225  -60.221  -60.221
  -60.220  -60.220  -60.218  -60.216  -60.216  -60.215  -34.537  -34.528  -34.528  -34.498
  -34.498  -34.483  -34.483  -34.475  -34.448  -34.443  -34.443  -34.388  -34.377  -34.376
  -34.376  -34.360  -34.360  -34.343  -34.343  -34.342  -34.342  -34.329  -34.329  -34.322
  -34.314  -34.314  -34.312  -34.312  -34.307  -34.305  -34.305  -34.301  -34.301  -34.301
  -34.296  -34.296  -34.289  -34.288  -34.270  -34.270  -34.249  -34.249  -34.238  -34.238
  -34.212  -34.212  -34.208  -34.191  -13.323  -12.939  -12.939  -12.529  -12.529  -12.192
  -12.192  -12.070  -11.995  -11.913  -11.913  -11.765  -11.765  -11.746  -11.746  -11.672
  -11.672  -11.613  -11.613  -11.535  -11.524  -11.471  -11.471  -11.432  -11.432  -11.412
  -11.412  -11.367  -11.353  -11.304  -11.304  -11.249   -4.963   -4.950   -4.950   -4.828
   -4.624   -4.560   -4.560   -4.514   -4.514   -4.482   -4.482   -4.453   -4.453   -4.418
   -4.418   -4.382   -4.275   -4.275   -4.196   -4.182   -4.008   -4.008   -3.957   -3.957
   -3.603   -3.405   -3.405   -3.356   -3.333   -3.333   -3.222   -3.222   -3.167   -3.167
   -3.166   -3.166   -3.109   -3.103   -3.103   -3.048   -2.888   -2.888   -2.836   -2.836
   -2.785   -2.645   -2.580   -2.580   -2.517   -2.474   -2.474   -2.462   -2.462   -2.365
   -2.365   -2.319   -2.222   -2.222   -2.191   -2.191   -2.178   -2.099   -2.099   -1.877
   -1.634   -1.602   -1.602   -1.594   -1.594   -1.568   -1.496   -1.496   -1.338   -1.230
   -1.230   -1.182   -1.169   -1.169   -1.140   -1.140   -1.031   -0.913   -0.899   -0.899
   -0.870   -0.870   -0.846   -0.846   -0.603   -0.599   -0.599   -0.526   -0.453   -0.453
   -0.386   -0.386   -0.255   -0.255   -0.118   -0.078   -0.078   -0.010   -0.010   -0.001
   -0.001    0.201    0.292    0.292    0.295    0.295    0.481    0.623    2.453    2.680
    2.680    2.697    2.709    2.709    2.786    2.786    2.840    2.840    2.852    2.852
    2.873    2.880    2.880    3.011    3.011    3.064    3.064    3.170    3.191    3.191
    3.192    3.192    3.231    3.231    3.259    3.282    3.282    3.350    3.350    3.395
    3.436    3.536    3.538    3.557    3.670    3.670    3.758    3.845    3.845    3.870
    3.870    3.924    3.924    3.984    4.116    4.116    4.417    4.417    4.557    4.599
            0.175000  0.303109  0.000000
  -60.253  -60.243  -60.243  -60.235  -60.235  -60.229  -60.229  -60.225  -60.221  -60.221
  -60.220  -60.220  -60.218  -60.217  -60.216  -60.215  -34.538  -34.530  -34.530  -34.497
  -34.497  -34.483  -34.483  -34.476  -34.450  -34.440  -34.440  -34.386  -34.378  -34.375
  -34.375  -34.359  -34.359  -34.344  -34.344  -34.343  -34.343  -34.330  -34.330  -34.321
  -34.314  -34.314  -34.311  -34.311  -34.307  -34.305  -34.305  -34.302  -34.302  -34.302
  -34.299  -34.299  -34.292  -34.286  -34.270  -34.270  -34.248  -34.247  -34.238  -34.237
  -34.213  -34.213  -34.206  -34.190  -13.331  -12.927  -12.927  -12.536  -12.536  -12.211
  -12.211  -12.073  -11.974  -11.908  -11.908  -11.758  -11.758  -11.749  -11.749  -11.664
  -11.664  -11.620  -11.620  -11.538  -11.516  -11.475  -11.475  -11.429  -11.429  -11.409
  -11.409  -11.374  -11.355  -11.305  -11.305  -11.253   -4.974   -4.961   -4.961   -4.837
   -4.613   -4.552   -4.552   -4.505   -4.505   -4.470   -4.470   -4.443   -4.443   -4.414
   -4.414   -4.389   -4.278   -4.278   -4.199   -4.187   -4.016   -4.016   -3.969   -3.969
   -3.636   -3.383   -3.383   -3.359   -3.338   -3.338   -3.223   -3.223   -3.166   -3.166
   -3.154   -3.154   -3.094   -3.094   -3.091   -3.040   -2.887   -2.887   -2.853   -2.853
   -2.770   -2.646   -2.583   -2.583   -2.517   -2.477   -2.477   -2.465   -2.465   -2.388
   -2.388   -2.330   -2.205   -2.205   -2.167   -2.167   -2.161   -2.119   -2.119   -1.885
   -1.659   -1.638   -1.638   -1.603   -1.603   -1.542   -1.483   -1.483   -1.324   -1.225
   -1.225   -1.183   -1.162   -1.162   -1.146   -1.146   -1.017   -0.903   -0.903   -0.874
   -0.869   -0.869   -0.840   -0.840   -0.618   -0.579   -0.579   -0.541   -0.464   -0.464
   -0.396   -0.396   -0.256   -0.256   -0.111   -0.075   -0.075   -0.006   -0.006    0.003
    0.003    0.193    0.279    0.279    0.288    0.288    0.466    0.628    2.471    2.688
    2.688    2.709    2.711    2.711    2.789    2.789    2.842    2.842    2.853    2.853
    2.873    2.873    2.875    3.003    3.003    3.060    3.060    3.174    3.184    3.184
    3.202    3.202    3.237    3.237    3.269    3.289    3.289    3.360    3.360    3.414
    3.429    3.543    3.545    3.551    3.663    3.663    3.761    3.834    3.834    3.857
    3.857    3.912    3.912    3.964    4.128    4.128    4.427    4.427    4.570    4.586
            0.166666  0.288675  0.000000
  -60.253  -60.243  -60.243  -60.235  -60.235  -60.229  -60.229  -60.224  -60.221  -60.221
  -60.220  -60.220  -60.218  -60.217  -60.217  -60.215  -34.539  -34.531  -34.531  -34.496
  -34.496  -34.483  -34.483  -34.476  -34.452  -34.437  -34.437  -34.384  -34.378  -34.374
  -34.374  -34.358  -34.358  -34.344  -34.344  -34.343  -34.343  -34.331  -34.331  -34.321
  -34.314  -34.314  -34.311  -34.311  -34.308  -34.305  -34.305  -34.304  -34.304  -34.302
  -34.302  -34.302  -34.294  -34.284  -34.270  -34.270  -34.246  -34.246  -34.237  -34.237
  -34.213  -34.213  -34.204  -34.190  -13.339  -12.913  -12.913  -12.542  -12.542  -12.230
  -12.230  -12.076  -11.954  -11.903  -11.903  -11.751  -11.751  -11.751  -11.751  -11.656
  -11.656  -11.628  -11.628  -11.542  -11.508  -11.479  -11.479  -11.425  -11.425  -11.406
  -11.406  -11.381  -11.357  -11.307  -11.307  -11.256   -4.984   -4.972   -4.972   -4.845
   -4.601   -4.544   -4.544   -4.497   -4.497   -4.458   -4.458   -4.434   -4.434   -4.410
   -4.410   -4.395   -4.281   -4.281   -4.217   -4.179   -4.023   -4.023   -3.982   -3.981
   -3.668   -3.363   -3.361   -3.361   -3.343   -3.343   -3.223   -3.223   -3.166   -3.166
   -3.143   -3.143   -3.086   -3.086   -3.075   -3.033   -2.888   -2.888   -2.870   -2.870
   -2.754   -2.647   -2.585   -2.585   -2.518   -2.479   -2.479   -2.468   -2.468   -2.411
   -2.411   -2.341   -2.188   -2.188   -2.145   -2.144   -2.144   -2.137   -2.137   -1.893
   -1.684   -1.674   -1.674   -1.611   -1.611   -1.516   -1.469   -1.469   -1.309   -1.219
   -1.219   -1.183   -1.155   -1.155   -1.152   -1.152   -1.003   -0.907   -0.907   -0.869
   -0.869   -0.836   -0.834   -0.834   -0.633   -0.560   -0.560   -0.557   -0.476   -0.476
   -0.407   -0.407   -0.256   -0.256   -0.104   -0.073   -0.073   -0.002   -0.002    0.007
    0.007    0.186    0.265    0.265    0.282    0.282    0.451    0.632    2.488    2.696
    2.696    2.713    2.713    2.722    2.792    2.792    2.843    2.843    2.854    2.854
    2.866    2.866    2.876    2.996    2.996    3.057    3.057    3.175    3.175    3.177
    3.214    3.214    3.243    3.243    3.278    3.296    3.296    3.370    3.370    3.422
    3.432    3.529    3.554    3.564    3.656    3.656    3.763    3.824    3.824    3.844
    3.844    3.901    3.901    3.943    4.140    4.140    4.437    4.437    4.574    4.574
            0.158333  0.274241  0.000000
  -60.253  -60.243  -60.243  -60.235  -60.235  -60.230  -60.230  -60.224  -60.221  -60.221
  -60.220  -60.220  -60.218  -60.217  -60.217  -60.215  -34.539  -34.533  -34.533  -34.495
  -34.495  -34.482  -34.482  -34.477  -34.454  -34.434  -34.434  -34.382  -34.378  -34.374
  -34.374  -34.358  -34.358  -34.345  -34.345  -34.343  -34.343  -34.332  -34.332  -34.320
  -34.314  -34.314  -34.311  -34.311  -34.308  -34.306  -34.306  -34.305  -34.305  -34.305
  -34.305  -34.302  -34.296  -34.283  -34.270  -34.270  -34.245  -34.245  -34.236  -34.236
  -34.214  -34.214  -34.202  -34.189  -13.346  -12.900  -12.900  -12.547  -12.547  -12.249
  -12.249  -12.079  -11.935  -11.897  -11.897  -11.754  -11.754  -11.744  -11.744  -11.648
  -11.648  -11.635  -11.635  -11.545  -11.499  -11.483  -11.483  -11.422  -11.422  -11.403
  -11.403  -11.388  -11.359  -11.308  -11.308  -11.259   -4.994   -4.983   -4.983   -4.854
   -4.589   -4.537   -4.537   -4.489   -4.489   -4.447   -4.447   -4.425   -4.425   -4.405
   -4.405   -4.402   -4.284   -4.284   -4.234   -4.171   -4.030   -4.030   -3.994   -3.994
   -3.700   -3.366   -3.348   -3.348   -3.338   -3.338   -3.224   -3.224   -3.165   -3.165
   -3.131   -3.130   -3.077   -3.077   -3.060   -3.025   -2.888   -2.888   -2.887   -2.887
   -2.737   -2.647   -2.587   -2.587   -2.518   -2.482   -2.482   -2.471   -2.471   -2.435
   -2.435   -2.353   -2.170   -2.170   -2.156   -2.156   -2.129   -2.120   -2.120   -1.901
   -1.710   -1.709   -1.709   -1.620   -1.620   -1.490   -1.455   -1.455   -1.294   -1.214
   -1.214   -1.184   -1.157   -1.157   -1.147   -1.147   -0.990   -0.913   -0.913   -0.869
   -0.869   -0.827   -0.827   -0.798   -0.648   -0.573   -0.542   -0.542   -0.488   -0.488
   -0.418   -0.418   -0.255   -0.255   -0.097   -0.071   -0.071    0.001    0.001    0.012
    0.012    0.178    0.250    0.250    0.275    0.275    0.435    0.637    2.506    2.705
    2.705    2.716    2.716    2.735    2.796    2.796    2.844    2.844    2.854    2.854
    2.860    2.860    2.877    2.988    2.988    3.053    3.053    3.166    3.166    3.181
    3.226    3.226    3.249    3.249    3.287    3.303    3.303    3.381    3.381    3.416
    3.450    3.515    3.562    3.576    3.648    3.648    3.765    3.815    3.815    3.830
    3.830    3.889    3.889    3.922    4.153    4.153    4.446    4.446    4.561    4.561
            0.150000  0.259807  0.000000
  -60.253  -60.243  -60.242  -60.236  -60.236  -60.230  -60.230  -60.224  -60.221  -60.221
  -60.219  -60.219  -60.218  -60.217  -60.217  -60.215  -34.540  -34.534  -34.534  -34.494
  -34.494  -34.482  -34.482  -34.478  -34.456  -34.431  -34.431  -34.379  -34.379  -34.373
  -34.373  -34.357  -34.357  -34.345  -34.345  -34.343  -34.343  -34.332  -34.332  -34.319
  -34.313  -34.313  -34.311  -34.311  -34.308  -34.308  -34.308  -34.308  -34.308  -34.305
  -34.305  -34.302  -34.298  -34.282  -34.270  -34.270  -34.244  -34.244  -34.235  -34.235
  -34.215  -34.215  -34.201  -34.189  -13.353  -12.886  -12.886  -12.553  -12.553  -12.268
  -12.268  -12.082  -11.915  -11.892  -11.892  -11.756  -11.756  -11.736  -11.736  -11.643
  -11.643  -11.641  -11.641  -11.548  -11.491  -11.488  -11.488  -11.419  -11.419  -11.401
  -11.401  -11.396  -11.361  -11.310  -11.310  -11.263   -5.003   -4.993   -4.993   -4.862
   -4.576   -4.529   -4.529   -4.481   -4.481   -4.435   -4.435   -4.416   -4.415   -4.408
   -4.400   -4.400   -4.287   -4.287   -4.250   -4.164   -4.037   -4.037   -4.006   -4.006
   -3.732   -3.369   -3.353   -3.353   -3.316   -3.316   -3.224   -3.224   -3.164   -3.164
   -3.118   -3.118   -3.068   -3.068   -3.046   -3.018   -2.904   -2.904   -2.888   -2.888
   -2.718   -2.646   -2.589   -2.589   -2.518   -2.484   -2.484   -2.474   -2.474   -2.459
   -2.459   -2.364   -2.173   -2.173   -2.153   -2.153   -2.113   -2.097   -2.097   -1.908
   -1.744   -1.744   -1.736   -1.629   -1.629   -1.464   -1.441   -1.441   -1.278   -1.209
   -1.209   -1.185   -1.161   -1.161   -1.139   -1.139   -0.978   -0.919   -0.919   -0.870
   -0.870   -0.820   -0.820   -0.761   -0.664   -0.590   -0.524   -0.524   -0.500   -0.500
   -0.430   -0.430   -0.252   -0.252   -0.089   -0.070   -0.070    0.004    0.004    0.016
    0.016    0.169    0.236    0.236    0.268    0.268    0.419    0.640    2.524    2.714
    2.714    2.719    2.719    2.747    2.800    2.800    2.845    2.845    2.854    2.854
    2.855    2.855    2.877    2.981    2.981    3.049    3.049    3.157    3.157    3.186
    3.239    3.239    3.256    3.256    3.296    3.310    3.310    3.392    3.392    3.410
    3.468    3.503    3.570    3.588    3.640    3.640    3.767    3.806    3.806    3.817
    3.817    3.878    3.878    3.899    4.165    4.165    4.454    4.454    4.548    4.548
            0.141667  0.245374  0.000000
  -60.253  -60.242  -60.242  -60.236  -60.236  -60.230  -60.230  -60.223  -60.221  -60.221
  -60.219  -60.219  -60.218  -60.217  -60.217  -60.215  -34.541  -34.535  -34.535  -34.493
  -34.493  -34.481  -34.481  -34.479  -34.458  -34.427  -34.427  -34.379  -34.377  -34.373
  -34.372  -34.357  -34.357  -34.345  -34.345  -34.344  -34.344  -34.333  -34.333  -34.319
  -34.313  -34.313  -34.311  -34.311  -34.311  -34.311  -34.310  -34.310  -34.308  -34.305
  -34.305  -34.303  -34.300  -34.280  -34.270  -34.270  -34.243  -34.243  -34.234  -34.234
  -34.215  -34.215  -34.199  -34.189  -13.360  -12.872  -12.872  -12.558  -12.558  -12.287
  -12.287  -12.085  -11.895  -11.886  -11.886  -11.758  -11.758  -11.729  -11.729  -11.651
  -11.651  -11.634  -11.634  -11.550  -11.493  -11.493  -11.483  -11.415  -11.415  -11.404
  -11.398  -11.398  -11.363  -11.312  -11.312  -11.267   -5.012   -5.002   -5.002   -4.869
   -4.562   -4.522   -4.522   -4.474   -4.474   -4.424   -4.424   -4.414   -4.407   -4.407
   -4.395   -4.395   -4.290   -4.290   -4.266   -4.157   -4.044   -4.044   -4.019   -4.019
   -3.764   -3.372   -3.357   -3.357   -3.293   -3.293   -3.224   -3.224   -3.163   -3.163
   -3.105   -3.105   -3.059   -3.059   -3.034   -3.011   -2.921   -2.921   -2.889   -2.889
   -2.699   -2.645   -2.590   -2.590   -2.518   -2.487   -2.487   -2.483   -2.483   -2.478
   -2.478   -2.376   -2.190   -2.190   -2.135   -2.135   -2.099   -2.074   -2.074   -1.915
   -1.779   -1.779   -1.762   -1.638   -1.638   -1.438   -1.427   -1.427   -1.263   -1.203
   -1.203   -1.186   -1.166   -1.166   -1.130   -1.130   -0.966   -0.927   -0.927   -0.872
   -0.872   -0.813   -0.813   -0.725   -0.679   -0.607   -0.512   -0.512   -0.507   -0.507
   -0.442   -0.442   -0.249   -0.249   -0.080   -0.068   -0.068    0.007    0.007    0.021
    0.021    0.161    0.221    0.221    0.261    0.261    0.403    0.644    2.542    2.722
    2.723    2.723    2.723    2.760    2.804    2.804    2.846    2.846    2.848    2.849
    2.855    2.855    2.877    2.975    2.975    3.045    3.045    3.149    3.149    3.190
    3.252    3.252    3.263    3.263    3.305    3.316    3.316    3.403    3.403    3.405
    3.485    3.491    3.578    3.600    3.631    3.631    3.769    3.797    3.797    3.803
    3.803    3.867    3.867    3.876    4.178    4.178    4.461    4.461    4.536    4.536
            0.133333  0.230940  0.000000
  -60.253  -60.242  -60.242  -60.236  -60.236  -60.231  -60.231  -60.223  -60.220  -60.220
  -60.219  -60.219  -60.218  -60.217  -60.217  -60.215  -34.541  -34.537  -34.537  -34.492
  -34.492  -34.481  -34.481  -34.479  -34.460  -34.424  -34.424  -34.379  -34.375  -34.372
  -34.372  -34.356  -34.356  -34.345  -34.345  -34.344  -34.344  -34.334  -34.334  -34.318
  -34.314  -34.314  -34.313  -34.313  -34.312  -34.312  -34.310  -34.310  -34.308  -34.306
  -34.306  -34.303  -34.302  -34.279  -34.270  -34.270  -34.242  -34.242  -34.234  -34.234
  -34.216  -34.216  -34.197  -34.188  -13.366  -12.858  -12.858  -12.563  -12.563  -12.306
  -12.306  -12.087  -11.880  -11.880  -11.876  -11.760  -11.760  -11.722  -11.722  -11.658
  -11.658  -11.627  -11.627  -11.553  -11.498  -11.498  -11.475  -11.412  -11.412  -11.412
  -11.396  -11.396  -11.364  -11.313  -11.313  -11.271   -5.020   -5.012   -5.012   -4.876
   -4.548   -4.514   -4.514   -4.468   -4.468   -4.419   -4.413   -4.413   -4.398   -4.398
   -4.389   -4.389   -4.293   -4.293   -4.281   -4.150   -4.050   -4.050   -4.032   -4.032
   -3.795   -3.374   -3.361   -3.361   -3.270   -3.270   -3.224   -3.224   -3.163   -3.163
   -3.092   -3.092   -3.050   -3.050   -3.022   -3.005   -2.938   -2.938   -2.889   -2.889
   -2.677   -2.643   -2.591   -2.591   -2.518   -2.507   -2.507   -2.489   -2.489   -2.482
   -2.482   -2.387   -2.206   -2.206   -2.117   -2.117   -2.085   -2.051   -2.051   -1.921
   -1.814   -1.814   -1.789   -1.647   -1.647   -1.413   -1.413   -1.412   -1.246   -1.199
   -1.199   -1.187   -1.170   -1.170   -1.121   -1.121   -0.956   -0.935   -0.935   -0.873
   -0.873   -0.806   -0.806   -0.695   -0.691   -0.624   -0.525   -0.525   -0.491   -0.491
   -0.454   -0.454   -0.244   -0.244   -0.071   -0.066   -0.066    0.010    0.010    0.026
    0.026    0.152    0.206    0.206    0.253    0.253    0.387    0.648    2.560    2.727
    2.727    2.731    2.731    2.772    2.809    2.809    2.844    2.844    2.846    2.846
    2.855    2.855    2.876    2.968    2.968    3.041    3.041    3.140    3.140    3.196
    3.266    3.266    3.271    3.271    3.313    3.323    3.323    3.401    3.414    3.414
    3.479    3.501    3.585    3.612    3.622    3.622    3.771    3.788    3.788    3.789
    3.789    3.852    3.856    3.856    4.190    4.190    4.468    4.468    4.524    4.524
            0.125000  0.216506  0.000000
  -60.254  -60.242  -60.242  -60.236  -60.236  -60.231  -60.231  -60.223  -60.220  -60.220
  -60.219  -60.219  -60.218  -60.217  -60.217  -60.216  -34.542  -34.538  -34.538  -34.491
  -34.491  -34.481  -34.481  -34.480  -34.462  -34.421  -34.421  -34.379  -34.372  -34.372
  -34.372  -34.355  -34.355  -34.346  -34.346  -34.344  -34.344  -34.334  -34.334  -34.317
  -34.317  -34.317  -34.314  -34.314  -34.313  -34.313  -34.310  -34.310  -34.308  -34.306
  -34.306  -34.304  -34.303  -34.278  -34.269  -34.269  -34.241  -34.241  -34.233  -34.233
  -34.216  -34.216  -34.196  -34.188  -13.372  -12.844  -12.844  -12.568  -12.568  -12.325
  -12.325  -12.090  -11.874  -11.874  -11.857  -11.762  -11.762  -11.714  -11.714  -11.666
  -11.666  -11.621  -11.621  -11.556  -11.503  -11.503  -11.467  -11.421  -11.408  -11.408
  -11.394  -11.394  -11.366  -11.315  -11.315  -11.275   -5.028   -5.020   -5.020   -4.883
   -4.533   -4.507   -4.507   -4.462   -4.462   -4.424   -4.403   -4.403   -4.390   -4.390
   -4.382   -4.382   -4.296   -4.296   -4.296   -4.143   -4.055   -4.055   -4.045   -4.045
   -3.826   -3.377   -3.366   -3.366   -3.248   -3.248   -3.223   -3.223   -3.162   -3.162
   -3.079   -3.079   -3.042   -3.042   -3.012   -2.998   -2.955   -2.955   -2.890   -2.890
   -2.655   -2.641   -2.591   -2.591   -2.532   -2.532   -2.517   -2.492   -2.492   -2.486
   -2.486   -2.399   -2.221   -2.221   -2.099   -2.099   -2.072   -2.029   -2.029   -1.928
   -1.848   -1.848   -1.816   -1.657   -1.657   -1.398   -1.398   -1.386   -1.230   -1.194
   -1.194   -1.187   -1.173   -1.173   -1.112   -1.112   -0.945   -0.945   -0.945   -0.876
   -0.876   -0.799   -0.799   -0.711   -0.657   -0.642   -0.537   -0.537   -0.475   -0.475
   -0.466   -0.466   -0.238   -0.238   -0.065   -0.065   -0.062    0.012    0.012    0.031
    0.031    0.143    0.190    0.190    0.245    0.245    0.370    0.651    2.578    2.731
    2.731    2.740    2.740    2.784    2.813    2.813    2.839    2.839    2.846    2.846
    2.856    2.856    2.875    2.963    2.963    3.037    3.037    3.130    3.130    3.201
    3.279    3.279    3.281    3.281    3.321    3.328    3.329    3.397    3.425    3.425
    3.468    3.517    3.592    3.612    3.612    3.623    3.772    3.774    3.774    3.782
    3.782    3.828    3.846    3.846    4.203    4.203    4.473    4.473    4.511    4.511
            0.116667  0.202072  0.000000
  -60.254  -60.241  -60.241  -60.236  -60.236  -60.232  -60.231  -60.222  -60.220  -60.220
  -60.219  -60.219  -60.218  -60.217  -60.217  -60.216  -34.543  -34.539  -34.539  -34.490
  -34.490  -34.481  -34.480  -34.480  -34.464  -34.417  -34.417  -34.380  -34.371  -34.371
  -34.370  -34.355  -34.355  -34.346  -34.346  -34.344  -34.344  -34.335  -34.335  -34.320
  -34.320  -34.317  -34.316  -34.316  -34.312  -34.312  -34.310  -34.310  -34.308  -34.306
  -34.306  -34.306  -34.303  -34.277  -34.269  -34.269  -34.240  -34.240  -34.232  -34.232
  -34.217  -34.217  -34.195  -34.188  -13.378  -12.829  -12.829  -12.572  -12.572  -12.344
  -12.344  -12.092  -11.869  -11.869  -11.838  -11.764  -11.764  -11.707  -11.707  -11.673
  -11.673  -11.615  -11.615  -11.558  -11.509  -11.509  -11.459  -11.431  -11.405  -11.405
  -11.392  -11.392  -11.367  -11.318  -11.318  -11.279   -5.035   -5.028   -5.028   -4.890
   -4.518   -4.500   -4.500   -4.456   -4.456   -4.428   -4.393   -4.393   -4.382   -4.381
   -4.375   -4.375   -4.310   -4.299   -4.299   -4.137   -4.061   -4.061   -4.058   -4.058
   -3.856   -3.379   -3.369   -3.369   -3.225   -3.225   -3.222   -3.222   -3.161   -3.161
   -3.066   -3.066   -3.033   -3.033   -3.002   -2.992   -2.971   -2.971   -2.891   -2.891
   -2.638   -2.632   -2.591   -2.591   -2.556   -2.556   -2.517   -2.494   -2.494   -2.490
   -2.490   -2.410   -2.234   -2.234   -2.081   -2.081   -2.059   -2.008   -2.008   -1.933
   -1.881   -1.881   -1.843   -1.666   -1.666   -1.383   -1.383   -1.361   -1.213   -1.189
   -1.189   -1.188   -1.177   -1.177   -1.103   -1.103   -0.955   -0.955   -0.936   -0.879
   -0.879   -0.792   -0.792   -0.727   -0.659   -0.624   -0.550   -0.550   -0.479   -0.479
   -0.460   -0.460   -0.231   -0.231   -0.064   -0.064   -0.053    0.014    0.014    0.036
    0.036    0.133    0.174    0.174    0.237    0.237    0.353    0.654    2.596    2.735
    2.735    2.749    2.749    2.795    2.818    2.818    2.835    2.835    2.846    2.846
    2.856    2.856    2.874    2.957    2.957    3.033    3.033    3.121    3.121    3.208
    3.287    3.287    3.296    3.296    3.329    3.334    3.334    3.393    3.436    3.436
    3.458    3.532    3.599    3.602    3.602    3.634    3.759    3.759    3.773    3.775
    3.775    3.803    3.836    3.836    4.215    4.215    4.478    4.478    4.500    4.500
            0.108333  0.187639  0.000000
  -60.254  -60.241  -60.241  -60.236  -60.236  -60.232  -60.232  -60.222  -60.220  -60.220
  -60.219  -60.219  -60.218  -60.217  -60.217  -60.216  -34.543  -34.540  -34.540  -34.489
  -34.489  -34.481  -34.480  -34.480  -34.465  -34.414  -34.414  -34.380  -34.371  -34.371
  -34.368  -34.354  -34.354  -34.346  -34.346  -34.344  -34.344  -34.336  -34.336  -34.324
  -34.324  -34.318  -34.318  -34.316  -34.312  -34.312  -34.310  -34.310  -34.309  -34.308
  -34.306  -34.306  -34.304  -34.276  -34.269  -34.269  -34.239  -34.239  -34.232  -34.232
  -34.218  -34.218  -34.193  -34.187  -13.383  -12.814  -12.814  -12.576  -12.576  -12.363
  -12.363  -12.094  -11.863  -11.862  -11.819  -11.766  -11.766  -11.700  -11.700  -11.681
  -11.681  -11.609  -11.609  -11.560  -11.514  -11.514  -11.451  -11.440  -11.401  -11.401
  -11.390  -11.390  -11.369  -11.320  -11.320  -11.284   -5.042   -5.036   -5.036   -4.895
   -4.501   -4.493   -4.493   -4.451   -4.451   -4.432   -4.383   -4.383   -4.374   -4.374
   -4.368   -4.368   -4.323   -4.301   -4.301   -4.132   -4.071   -4.071   -4.065   -4.065
   -3.887   -3.382   -3.373   -3.373   -3.221   -3.221   -3.202   -3.202   -3.161   -3.161
   -3.053   -3.053   -3.024   -3.024   -2.994   -2.987   -2.987   -2.987   -2.892   -2.892
   -2.635   -2.608   -2.591   -2.591   -2.581   -2.581   -2.517   -2.496   -2.496   -2.494
   -2.494   -2.422   -2.247   -2.247   -2.062   -2.062   -2.047   -1.987   -1.987   -1.939
   -1.915   -1.915   -1.871   -1.676   -1.676   -1.368   -1.368   -1.336   -1.197   -1.189
   -1.185   -1.185   -1.180   -1.180   -1.094   -1.094   -0.966   -0.966   -0.927   -0.882
   -0.882   -0.784   -0.784   -0.743   -0.678   -0.592   -0.562   -0.562   -0.492   -0.492
   -0.445   -0.445   -0.223   -0.223   -0.062   -0.062   -0.042    0.016    0.016    0.041
    0.041    0.124    0.159    0.159    0.229    0.229    0.336    0.656    2.614    2.740
    2.740    2.757    2.757    2.805    2.822    2.822    2.832    2.832    2.845    2.845
    2.857    2.857    2.873    2.953    2.953    3.029    3.029    3.112    3.112    3.216
    3.295    3.295    3.311    3.311    3.337    3.339    3.339    3.390    3.447    3.447
    3.449    3.547    3.591    3.591    3.605    3.645    3.744    3.744    3.769    3.769
    3.774    3.777    3.827    3.827    4.228    4.228    4.482    4.482    4.488    4.488
            0.100000  0.173205  0.000000
  -60.254  -60.241  -60.241  -60.236  -60.236  -60.232  -60.232  -60.222  -60.220  -60.220
  -60.219  -60.219  -60.218  -60.217  -60.217  -60.216  -34.544  -34.541  -34.541  -34.488
  -34.488  -34.481  -34.480  -34.480  -34.467  -34.411  -34.411  -34.380  -34.370  -34.370
  -34.366  -34.354  -34.354  -34.346  -34.346  -34.344  -34.344  -34.337  -34.337  -34.327
  -34.327  -34.319  -34.319  -34.315  -34.312  -34.312  -34.311  -34.310  -34.310  -34.308
  -34.306  -34.306  -34.304  -34.275  -34.269  -34.269  -34.238  -34.238  -34.231  -34.231
  -34.218  -34.218  -34.192  -34.187  -13.387  -12.799  -12.799  -12.580  -12.580  -12.382
  -12.382  -12.096  -11.856  -11.856  -11.801  -11.767  -11.767  -11.692  -11.692  -11.689
  -11.689  -11.604  -11.604  -11.562  -11.520  -11.520  -11.450  -11.443  -11.398  -11.398
  -11.388  -11.388  -11.370  -11.322  -11.322  -11.289   -5.048   -5.043   -5.043   -4.901
   -4.487   -4.487   -4.485   -4.446   -4.446   -4.436   -4.374   -4.374   -4.366   -4.366
   -4.360   -4.360   -4.335   -4.304   -4.304   -4.126   -4.084   -4.084   -4.070   -4.070
   -3.916   -3.384   -3.376   -3.376   -3.219   -3.219   -3.179   -3.179   -3.160   -3.160
   -3.040   -3.040   -3.015   -3.015   -3.003   -3.003   -2.987   -2.981   -2.892   -2.892
   -2.631   -2.605   -2.605   -2.590   -2.590   -2.582   -2.516   -2.499   -2.499   -2.498
   -2.498   -2.433   -2.258   -2.258   -2.044   -2.044   -2.037   -1.967   -1.967   -1.947
   -1.947   -1.944   -1.899   -1.686   -1.686   -1.352   -1.352   -1.311   -1.190   -1.183
   -1.183   -1.181   -1.181   -1.180   -1.084   -1.084   -0.978   -0.978   -0.919   -0.886
   -0.886   -0.776   -0.776   -0.760   -0.696   -0.574   -0.574   -0.562   -0.506   -0.506
   -0.432   -0.432   -0.214   -0.214   -0.061   -0.061   -0.032    0.018    0.018    0.046
    0.046    0.114    0.142    0.142    0.221    0.221    0.320    0.659    2.632    2.744
    2.744    2.766    2.766    2.814    2.826    2.826    2.829    2.829    2.844    2.844
    2.857    2.857    2.872    2.949    2.949    3.025    3.025    3.103    3.103    3.225
    3.304    3.304    3.327    3.327    3.344    3.344    3.344    3.387    3.440    3.457
    3.457    3.560    3.580    3.580    3.610    3.655    3.729    3.729    3.752    3.764
    3.764    3.774    3.818    3.818    4.241    4.241    4.477    4.477    4.486    4.486
            0.091667  0.158771  0.000000
  -60.254  -60.240  -60.240  -60.236  -60.236  -60.233  -60.233  -60.221  -60.220  -60.220
  -60.219  -60.219  -60.218  -60.217  -60.217  -60.216  -34.544  -34.542  -34.542  -34.487
  -34.487  -34.482  -34.480  -34.480  -34.468  -34.407  -34.407  -34.380  -34.370  -34.370
  -34.363  -34.353  -34.353  -34.345  -34.345  -34.345  -34.345  -34.337  -34.337  -34.330
  -34.330  -34.321  -34.321  -34.315  -34.313  -34.312  -34.312  -34.310  -34.310  -34.308
  -34.306  -34.306  -34.304  -34.274  -34.269  -34.269  -34.237  -34.237  -34.230  -34.230
  -34.219  -34.219  -34.191  -34.187  -13.392  -12.784  -12.784  -12.583  -12.583  -12.401
  -12.401  -12.098  -11.850  -11.850  -11.783  -11.769  -11.769  -11.696  -11.696  -11.684
  -11.684  -11.600  -11.600  -11.564  -11.526  -11.526  -11.461  -11.435  -11.394  -11.394
  -11.386  -11.386  -11.371  -11.324  -11.324  -11.293   -5.054   -5.050   -5.050   -4.906
   -4.480   -4.480   -4.467   -4.442   -4.442   -4.439   -4.366   -4.366   -4.359   -4.359
   -4.352   -4.352   -4.347   -4.306   -4.306   -4.122   -4.097   -4.097   -4.074   -4.074
   -3.946   -3.386   -3.379   -3.379   -3.217   -3.217   -3.159   -3.159   -3.156   -3.156
   -3.027   -3.027   -3.018   -3.018   -3.007   -3.007   -2.980   -2.976   -2.893   -2.893
   -2.630   -2.630   -2.627   -2.589   -2.589   -2.557   -2.516   -2.504   -2.503   -2.501
   -2.501   -2.444   -2.268   -2.268   -2.026   -2.026   -2.026   -1.979   -1.979   -1.949
   -1.949   -1.948   -1.927   -1.697   -1.697   -1.337   -1.337   -1.286   -1.191   -1.185
   -1.185   -1.178   -1.178   -1.163   -1.074   -1.074   -0.991   -0.991   -0.911   -0.891
   -0.891   -0.777   -0.768   -0.768   -0.714   -0.586   -0.586   -0.532   -0.519   -0.519
   -0.419   -0.419   -0.205   -0.205   -0.060   -0.060   -0.021    0.019    0.019    0.052
    0.052    0.104    0.126    0.126    0.213    0.213    0.303    0.661    2.650    2.749
    2.749    2.774    2.774    2.822    2.826    2.826    2.830    2.830    2.843    2.843
    2.857    2.857    2.870    2.947    2.947    3.021    3.021    3.093    3.093    3.235
    3.314    3.314    3.343    3.343    3.349    3.349    3.351    3.385    3.432    3.468
    3.468    3.569    3.569    3.573    3.616    3.665    3.714    3.714    3.725    3.759
    3.759    3.774    3.809    3.809    4.254    4.254    4.467    4.467    4.489    4.489
            0.083333  0.144337  0.000000
  -60.254  -60.240  -60.240  -60.236  -60.236  -60.233  -60.233  -60.221  -60.220  -60.220
  -60.219  -60.219  -60.218  -60.217  -60.217  -60.216  -34.544  -34.542  -34.542  -34.486
  -34.486  -34.482  -34.480  -34.479  -34.470  -34.404  -34.404  -34.381  -34.370  -34.370
  -34.361  -34.352  -34.352  -34.345  -34.345  -34.345  -34.345  -34.338  -34.338  -34.334
  -34.334  -34.323  -34.323  -34.315  -34.314  -34.311  -34.311  -34.309  -34.309  -34.308
  -34.307  -34.307  -34.305  -34.273  -34.269  -34.269  -34.236  -34.236  -34.230  -34.230
  -34.220  -34.220  -34.190  -34.186  -13.396  -12.768  -12.768  -12.586  -12.586  -12.419
  -12.419  -12.100  -11.844  -11.844  -11.770  -11.770  -11.765  -11.704  -11.704  -11.677
  -11.677  -11.595  -11.595  -11.566  -11.532  -11.532  -11.472  -11.427  -11.391  -11.391
  -11.385  -11.385  -11.372  -11.327  -11.327  -11.298   -5.060   -5.056   -5.056   -4.911
   -4.474   -4.474   -4.449   -4.441   -4.439   -4.439   -4.359   -4.358   -4.358   -4.353
   -4.353   -4.343   -4.343   -4.308   -4.308   -4.117   -4.111   -4.111   -4.078   -4.078
   -3.975   -3.387   -3.382   -3.382   -3.215   -3.215   -3.159   -3.159   -3.133   -3.133
   -3.033   -3.033   -3.015   -3.015   -2.999   -2.999   -2.974   -2.972   -2.894   -2.894
   -2.654   -2.654   -2.623   -2.587   -2.587   -2.530   -2.515   -2.508   -2.508   -2.502
   -2.502   -2.456   -2.277   -2.277   -2.017   -2.010   -2.010   -2.008   -2.008   -1.956
   -1.952   -1.931   -1.931   -1.708   -1.708   -1.321   -1.321   -1.262   -1.192   -1.187
   -1.187   -1.174   -1.174   -1.145   -1.064   -1.064   -1.004   -1.004   -0.904   -0.896
   -0.896   -0.793   -0.760   -0.760   -0.733   -0.597   -0.597   -0.532   -0.532   -0.505
   -0.408   -0.408   -0.194   -0.194   -0.059   -0.059   -0.010    0.020    0.020    0.057
    0.057    0.094    0.110    0.110    0.204    0.204    0.286    0.663    2.667    2.754
    2.754    2.782    2.782    2.824    2.824    2.829    2.832    2.832    2.841    2.841
    2.858    2.858    2.869    2.945    2.945    3.017    3.017    3.084    3.084    3.246
    3.324    3.324    3.353    3.353    3.357    3.359    3.359    3.383    3.424    3.478
    3.478    3.558    3.558    3.585    3.620    3.675    3.698    3.698    3.699    3.754
    3.754    3.774    3.801    3.801    4.267    4.267    4.457    4.457    4.491    4.491
            0.075000  0.129904  0.000000
  -60.254  -60.240  -60.240  -60.236  -60.236  -60.233  -60.233  -60.221  -60.220  -60.220
  -60.219  -60.219  -60.218  -60.217  -60.217  -60.217  -34.545  -34.543  -34.543  -34.485
  -34.485  -34.482  -34.479  -34.479  -34.471  -34.400  -34.400  -34.381  -34.370  -34.370
  -34.359  -34.352  -34.352  -34.345  -34.345  -34.345  -34.345  -34.339  -34.339  -34.337
  -34.337  -34.325  -34.325  -34.317  -34.314  -34.311  -34.311  -34.309  -34.309  -34.309
  -34.307  -34.307  -34.305  -34.272  -34.269  -34.269  -34.235  -34.235  -34.229  -34.229
  -34.221  -34.221  -34.189  -34.186  -13.399  -12.752  -12.752  -12.589  -12.589  -12.438
  -12.438  -12.101  -11.837  -11.837  -11.771  -11.771  -11.747  -11.711  -11.711  -11.669
  -11.669  -11.591  -11.591  -11.568  -11.539  -11.539  -11.483  -11.420  -11.387  -11.387
  -11.383  -11.383  -11.373  -11.330  -11.330  -11.303   -5.064   -5.061   -5.061   -4.915
   -4.468   -4.468   -4.443   -4.436   -4.436   -4.431   -4.369   -4.351   -4.351   -4.347
   -4.347   -4.334   -4.334   -4.310   -4.310   -4.124   -4.124   -4.113   -4.081   -4.081
   -4.003   -3.389   -3.385   -3.385   -3.212   -3.212   -3.158   -3.158   -3.110   -3.110
   -3.048   -3.048   -3.003   -3.003   -2.991   -2.991   -2.969   -2.968   -2.894   -2.894
   -2.679   -2.679   -2.618   -2.585   -2.585   -2.515   -2.513   -2.513   -2.504   -2.504
   -2.503   -2.467   -2.283   -2.283   -2.039   -2.039   -2.009   -1.990   -1.990   -1.984
   -1.956   -1.915   -1.915   -1.719   -1.719   -1.305   -1.305   -1.238   -1.193   -1.189
   -1.189   -1.171   -1.171   -1.128   -1.055   -1.055   -1.018   -1.018   -0.901   -0.901
   -0.898   -0.810   -0.752   -0.751   -0.751   -0.608   -0.608   -0.546   -0.545   -0.479
   -0.397   -0.397   -0.183   -0.183   -0.059   -0.059    0.002    0.021    0.021    0.063
    0.063    0.084    0.093    0.093    0.196    0.196    0.269    0.664    2.684    2.760
    2.760    2.789    2.789    2.823    2.823    2.834    2.835    2.835    2.839    2.839
    2.858    2.858    2.867    2.945    2.945    3.013    3.013    3.074    3.074    3.259
    3.334    3.334    3.357    3.357    3.363    3.376    3.376    3.381    3.418    3.487
    3.487    3.546    3.546    3.595    3.625    3.672    3.682    3.682    3.684    3.751
    3.751    3.773    3.793    3.793    4.280    4.280    4.447    4.447    4.494    4.494
            0.066667  0.115470  0.000000
  -60.254  -60.239  -60.239  -60.236  -60.236  -60.234  -60.234  -60.221  -60.219  -60.219
  -60.219  -60.219  -60.218  -60.218  -60.218  -60.217  -34.545  -34.544  -34.544  -34.484
  -34.484  -34.482  -34.479  -34.479  -34.473  -34.397  -34.397  -34.381  -34.369  -34.369
  -34.356  -34.351  -34.351  -34.345  -34.345  -34.344  -34.344  -34.340  -34.340  -34.340
  -34.339  -34.326  -34.326  -34.320  -34.313  -34.311  -34.311  -34.309  -34.309  -34.309
  -34.307  -34.307  -34.305  -34.272  -34.269  -34.269  -34.234  -34.234  -34.229  -34.229
  -34.221  -34.221  -34.188  -34.186  -13.403  -12.736  -12.736  -12.592  -12.592  -12.457
  -12.457  -12.102  -11.831  -11.831  -11.772  -11.772  -11.730  -11.718  -11.718  -11.662
  -11.662  -11.588  -11.588  -11.569  -11.545  -11.545  -11.495  -11.412  -11.384  -11.384
  -11.382  -11.382  -11.374  -11.332  -11.332  -11.309   -5.069   -5.066   -5.066   -4.919
   -4.463   -4.463   -4.445   -4.433   -4.433   -4.412   -4.379   -4.345   -4.345   -4.341
   -4.341   -4.325   -4.325   -4.312   -4.312   -4.137   -4.137   -4.110   -4.084   -4.084
   -4.031   -3.391   -3.387   -3.387   -3.208   -3.208   -3.158   -3.158   -3.087   -3.087
   -3.062   -3.062   -2.993   -2.993   -2.983   -2.983   -2.964   -2.964   -2.895   -2.895
   -2.703   -2.703   -2.612   -2.583   -2.583   -2.518   -2.518   -2.514   -2.506   -2.506
   -2.477   -2.476   -2.288   -2.288   -2.068   -2.068   -2.013   -2.001   -1.972   -1.972
   -1.960   -1.900   -1.900   -1.731   -1.731   -1.289   -1.289   -1.215   -1.194   -1.191
   -1.191   -1.168   -1.168   -1.110   -1.045   -1.045   -1.032   -1.032   -0.907   -0.907
   -0.893   -0.828   -0.770   -0.742   -0.742   -0.618   -0.618   -0.559   -0.559   -0.454
   -0.387   -0.387   -0.171   -0.171   -0.058   -0.058    0.014    0.022    0.022    0.069
    0.069    0.074    0.077    0.077    0.188    0.188    0.252    0.666    2.700    2.765
    2.765    2.796    2.796    2.822    2.822    2.836    2.836    2.836    2.836    2.837
    2.858    2.858    2.866    2.946    2.946    3.010    3.010    3.065    3.065    3.274
    3.344    3.344    3.361    3.361    3.368    3.379    3.393    3.393    3.411    3.496
    3.496    3.534    3.534    3.605    3.629    3.646    3.666    3.666    3.693    3.748
    3.748    3.772    3.786    3.786    4.293    4.293    4.439    4.439    4.495    4.495
            0.058333  0.101036  0.000000
  -60.254  -60.239  -60.239  -60.236  -60.236  -60.234  -60.234  -60.220  -60.219  -60.219
  -60.219  -60.219  -60.218  -60.218  -60.218  -60.217  -34.545  -34.544  -34.544  -34.483
  -34.483  -34.482  -34.479  -34.479  -34.474  -34.393  -34.393  -34.381  -34.369  -34.369
  -34.354  -34.350  -34.350  -34.345  -34.345  -34.344  -34.344  -34.344  -34.344  -34.340
  -34.340  -34.328  -34.328  -34.322  -34.312  -34.311  -34.311  -34.309  -34.309  -34.309
  -34.307  -34.307  -34.306  -34.271  -34.269  -34.269  -34.233  -34.233  -34.229  -34.229
  -34.222  -34.222  -34.188  -34.186  -13.406  -12.720  -12.720  -12.594  -12.594  -12.475
  -12.475  -12.104  -11.824  -11.824  -11.773  -11.773  -11.726  -11.726  -11.713  -11.654
  -11.654  -11.585  -11.585  -11.570  -11.552  -11.552  -11.507  -11.405  -11.381  -11.381
  -11.380  -11.380  -11.375  -11.335  -11.335  -11.314   -5.073   -5.071   -5.071   -4.922
   -4.458   -4.458   -4.445   -4.431   -4.431   -4.392   -4.388   -4.339   -4.339   -4.336
   -4.336   -4.315   -4.315   -4.314   -4.314   -4.150   -4.150   -4.106   -4.087   -4.087
   -4.059   -3.392   -3.389   -3.389   -3.204   -3.204   -3.157   -3.157   -3.076   -3.076
   -3.063   -3.063   -2.983   -2.983   -2.976   -2.976   -2.961   -2.961   -2.896   -2.896
   -2.728   -2.728   -2.607   -2.580   -2.580   -2.523   -2.523   -2.514   -2.507   -2.507
   -2.488   -2.448   -2.291   -2.291   -2.096   -2.096   -2.042   -1.995   -1.963   -1.955
   -1.955   -1.886   -1.886   -1.743   -1.743   -1.273   -1.273   -1.195   -1.193   -1.193
   -1.193   -1.166   -1.166   -1.093   -1.046   -1.046   -1.035   -1.035   -0.913   -0.913
   -0.888   -0.845   -0.788   -0.733   -0.733   -0.627   -0.627   -0.572   -0.572   -0.432
   -0.378   -0.378   -0.158   -0.158   -0.057   -0.057    0.023    0.023    0.026    0.060
    0.060    0.065    0.075    0.075    0.179    0.179    0.235    0.667    2.716    2.770
    2.770    2.803    2.803    2.821    2.821    2.833    2.833    2.836    2.836    2.839
    2.859    2.859    2.865    2.948    2.948    3.006    3.006    3.055    3.055    3.290
    3.355    3.355    3.364    3.364    3.373    3.378    3.406    3.410    3.410    3.504
    3.504    3.522    3.522    3.614    3.619    3.632    3.650    3.650    3.701    3.746
    3.746    3.771    3.779    3.779    4.307    4.307    4.431    4.431    4.497    4.497
            0.050000  0.086602  0.000000
  -60.254  -60.239  -60.239  -60.236  -60.236  -60.234  -60.234  -60.220  -60.219  -60.219
  -60.219  -60.219  -60.218  -60.218  -60.218  -60.217  -34.546  -34.545  -34.545  -34.483
  -34.483  -34.482  -34.479  -34.479  -34.475  -34.390  -34.390  -34.381  -34.369  -34.369
  -34.352  -34.350  -34.349  -34.347  -34.347  -34.345  -34.345  -34.343  -34.343  -34.341
  -34.341  -34.330  -34.330  -34.324  -34.312  -34.310  -34.310  -34.309  -34.309  -34.309
  -34.307  -34.307  -34.306  -34.270  -34.269  -34.269  -34.233  -34.233  -34.228  -34.228
  -34.223  -34.223  -34.187  -34.186  -13.408  -12.704  -12.704  -12.596  -12.596  -12.493
  -12.493  -12.105  -11.818  -11.818  -11.774  -11.774  -11.733  -11.733  -11.696  -11.646
  -11.646  -11.582  -11.582  -11.571  -11.558  -11.558  -11.519  -11.398  -11.380  -11.380
  -11.377  -11.377  -11.376  -11.338  -11.338  -11.320   -5.076   -5.074   -5.074   -4.925
   -4.453   -4.453   -4.446   -4.430   -4.430   -4.397   -4.372   -4.334   -4.334   -4.332
   -4.332   -4.315   -4.315   -4.305   -4.305   -4.163   -4.163   -4.104   -4.090   -4.090
   -4.086   -3.393   -3.391   -3.391   -3.199   -3.199   -3.157   -3.157   -3.089   -3.089
   -3.040   -3.040   -2.974   -2.974   -2.970   -2.970   -2.958   -2.957   -2.896   -2.896
   -2.752   -2.752   -2.600   -2.577   -2.577   -2.527   -2.527   -2.514   -2.509   -2.509
   -2.498   -2.420   -2.292   -2.292   -2.123   -2.123   -2.071   -1.989   -1.965   -1.937
   -1.937   -1.874   -1.874   -1.755   -1.755   -1.256   -1.256   -1.196   -1.194   -1.194
   -1.172   -1.164   -1.164   -1.075   -1.062   -1.062   -1.025   -1.025   -0.920   -0.920
   -0.883   -0.862   -0.806   -0.723   -0.723   -0.635   -0.635   -0.585   -0.585   -0.411
   -0.371   -0.371   -0.145   -0.145   -0.057   -0.057    0.023    0.023    0.039    0.043
    0.043    0.055    0.082    0.082    0.171    0.171    0.219    0.668    2.731    2.775
    2.775    2.809    2.809    2.821    2.821    2.830    2.830    2.836    2.836    2.838
    2.859    2.859    2.863    2.952    2.952    3.003    3.003    3.046    3.046    3.307
    3.366    3.366    3.367    3.367    3.377    3.377    3.401    3.427    3.427    3.510
    3.510    3.511    3.511    3.592    3.622    3.634    3.634    3.635    3.709    3.744
    3.744    3.769    3.773    3.773    4.320    4.320    4.424    4.424    4.491    4.491
            0.041667  0.072169  0.000000
  -60.254  -60.238  -60.238  -60.236  -60.236  -60.235  -60.235  -60.220  -60.219  -60.219
  -60.219  -60.219  -60.218  -60.218  -60.218  -60.217  -34.546  -34.545  -34.545  -34.482
  -34.482  -34.482  -34.479  -34.479  -34.476  -34.386  -34.386  -34.381  -34.369  -34.369
  -34.351  -34.351  -34.349  -34.349  -34.349  -34.345  -34.345  -34.342  -34.342  -34.342
  -34.342  -34.331  -34.331  -34.326  -34.311  -34.310  -34.310  -34.309  -34.309  -34.309
  -34.308  -34.308  -34.307  -34.270  -34.269  -34.269  -34.232  -34.232  -34.228  -34.228
  -34.223  -34.223  -34.187  -34.186  -13.410  -12.687  -12.687  -12.598  -12.598  -12.512
  -12.512  -12.105  -11.811  -11.811  -11.775  -11.775  -11.741  -11.741  -11.679  -11.639
  -11.639  -11.580  -11.580  -11.572  -11.565  -11.565  -11.532  -11.390  -11.379  -11.379
  -11.376  -11.373  -11.373  -11.341  -11.341  -11.326   -5.079   -5.078   -5.078   -4.927
   -4.449   -4.449   -4.445   -4.429   -4.429   -4.405   -4.351   -4.329   -4.329   -4.328
   -4.328   -4.316   -4.316   -4.295   -4.295   -4.176   -4.176   -4.112   -4.101   -4.092
   -4.092   -3.394   -3.393   -3.393   -3.194   -3.194   -3.157   -3.157   -3.102   -3.102
   -3.016   -3.016   -2.966   -2.966   -2.964   -2.964   -2.955   -2.955   -2.897   -2.897
   -2.777   -2.777   -2.594   -2.574   -2.574   -2.532   -2.532   -2.513   -2.510   -2.510
   -2.508   -2.391   -2.290   -2.290   -2.148   -2.148   -2.100   -1.984   -1.967   -1.920
   -1.920   -1.864   -1.864   -1.768   -1.768   -1.240   -1.240   -1.196   -1.195   -1.195
   -1.162   -1.162   -1.152   -1.077   -1.077   -1.057   -1.015   -1.015   -0.927   -0.927
   -0.880   -0.880   -0.823   -0.713   -0.713   -0.642   -0.642   -0.598   -0.598   -0.393
   -0.364   -0.364   -0.131   -0.131   -0.056   -0.056    0.024    0.024    0.026    0.026
    0.047    0.052    0.088    0.088    0.163    0.163    0.202    0.669    2.746    2.781
    2.781    2.814    2.814    2.821    2.821    2.827    2.827    2.835    2.835    2.837
    2.859    2.859    2.862    2.957    2.957    3.000    3.000    3.037    3.037    3.326
    3.369    3.369    3.376    3.377    3.377    3.380    3.398    3.444    3.444    3.498
    3.498    3.517    3.517    3.565    3.617    3.617    3.628    3.637    3.717    3.743
    3.743    3.767    3.767    3.767    4.334    4.334    4.418    4.418    4.476    4.477
            0.033333  0.057735  0.000000
  -60.255  -60.238  -60.238  -60.236  -60.236  -60.235  -60.235  -60.219  -60.219  -60.219
  -60.218  -60.218  -60.218  -60.218  -60.218  -60.218  -34.546  -34.546  -34.546  -34.482
  -34.482  -34.482  -34.479  -34.479  -34.477  -34.383  -34.383  -34.381  -34.369  -34.369
  -34.354  -34.354  -34.348  -34.348  -34.347  -34.345  -34.345  -34.342  -34.342  -34.342
  -34.342  -34.333  -34.333  -34.329  -34.311  -34.310  -34.310  -34.309  -34.309  -34.309
  -34.308  -34.308  -34.307  -34.270  -34.269  -34.269  -34.231  -34.231  -34.228  -34.228
  -34.224  -34.224  -34.186  -34.186  -13.412  -12.670  -12.670  -12.599  -12.599  -12.530
  -12.530  -12.106  -11.804  -11.804  -11.776  -11.776  -11.748  -11.748  -11.663  -11.631
  -11.631  -11.578  -11.578  -11.573  -11.572  -11.572  -11.545  -11.383  -11.379  -11.379
  -11.377  -11.370  -11.370  -11.344  -11.344  -11.331   -5.081   -5.080   -5.080   -4.929
   -4.445   -4.445   -4.444   -4.429   -4.429   -4.412   -4.329   -4.326   -4.326   -4.325
   -4.325   -4.317   -4.317   -4.284   -4.284   -4.189   -4.189   -4.139   -4.099   -4.093
   -4.093   -3.395   -3.394   -3.394   -3.187   -3.187   -3.157   -3.157   -3.114   -3.114
   -2.993   -2.993   -2.960   -2.960   -2.959   -2.959   -2.953   -2.953   -2.897   -2.897
   -2.801   -2.801   -2.587   -2.571   -2.571   -2.537   -2.537   -2.518   -2.513   -2.511
   -2.511   -2.363   -2.286   -2.286   -2.171   -2.171   -2.129   -1.980   -1.969   -1.903
   -1.903   -1.855   -1.855   -1.782   -1.782   -1.223   -1.223   -1.197   -1.196   -1.196
   -1.160   -1.160   -1.135   -1.093   -1.093   -1.039   -1.005   -1.005   -0.935   -0.935
   -0.897   -0.877   -0.838   -0.703   -0.703   -0.648   -0.648   -0.611   -0.611   -0.378
   -0.359   -0.359   -0.117   -0.117   -0.056   -0.056    0.010    0.010    0.024    0.024
    0.040    0.066    0.095    0.095    0.155    0.155    0.186    0.670    2.760    2.786
    2.786    2.819    2.819    2.822    2.822    2.823    2.823    2.833    2.834    2.834
    2.859    2.859    2.861    2.962    2.962    2.997    2.997    3.027    3.027    3.346
    3.371    3.371    3.375    3.383    3.389    3.389    3.394    3.462    3.462    3.486
    3.486    3.522    3.522    3.539    3.600    3.600    3.633    3.640    3.724    3.743
    3.743    3.762    3.762    3.764    4.347    4.347    4.413    4.413    4.462    4.462
            0.025000  0.043301  0.000000
  -60.255  -60.238  -60.238  -60.237  -60.237  -60.235  -60.235  -60.219  -60.219  -60.219
  -60.218  -60.218  -60.218  -60.218  -60.218  -60.218  -34.546  -34.546  -34.546  -34.481
  -34.481  -34.481  -34.479  -34.479  -34.478  -34.381  -34.379  -34.379  -34.369  -34.369
  -34.358  -34.358  -34.347  -34.347  -34.345  -34.345  -34.345  -34.343  -34.343  -34.341
  -34.341  -34.334  -34.334  -34.331  -34.310  -34.310  -34.310  -34.309  -34.309  -34.309
  -34.308  -34.308  -34.307  -34.269  -34.269  -34.269  -34.230  -34.230  -34.228  -34.228
  -34.225  -34.225  -34.186  -34.185  -13.413  -12.653  -12.653  -12.600  -12.600  -12.548
  -12.548  -12.107  -11.797  -11.797  -11.776  -11.776  -11.755  -11.755  -11.647  -11.624
  -11.624  -11.579  -11.579  -11.576  -11.576  -11.574  -11.559  -11.378  -11.378  -11.377
  -11.376  -11.366  -11.366  -11.347  -11.347  -11.337   -5.083   -5.082   -5.082   -4.931
   -4.442   -4.441   -4.441   -4.429   -4.429   -4.418   -4.323   -4.323   -4.322   -4.322
   -4.318   -4.318   -4.307   -4.273   -4.273   -4.201   -4.201   -4.164   -4.098   -4.094
   -4.094   -3.395   -3.395   -3.395   -3.181   -3.181   -3.156   -3.156   -3.125   -3.125
   -2.969   -2.969   -2.955   -2.955   -2.955   -2.955   -2.951   -2.951   -2.897   -2.897
   -2.825   -2.825   -2.579   -2.567   -2.567   -2.542   -2.542   -2.528   -2.513   -2.511
   -2.511   -2.334   -2.280   -2.280   -2.193   -2.193   -2.158   -1.977   -1.971   -1.887
   -1.887   -1.848   -1.848   -1.795   -1.795   -1.207   -1.207   -1.197   -1.197   -1.197
   -1.159   -1.159   -1.119   -1.109   -1.109   -1.021   -0.996   -0.996   -0.943   -0.943
   -0.915   -0.875   -0.852   -0.693   -0.693   -0.653   -0.653   -0.623   -0.623   -0.366
   -0.354   -0.354   -0.102   -0.102   -0.056   -0.056   -0.007   -0.007    0.024    0.024
    0.033    0.080    0.102    0.102    0.147    0.147    0.170    0.671    2.773    2.791
    2.791    2.819    2.819    2.822    2.822    2.823    2.823    2.829    2.832    2.832
    2.860    2.860    2.861    2.969    2.969    2.995    2.995    3.018    3.018    3.367
    3.372    3.372    3.375    3.386    3.392    3.400    3.400    3.473    3.473    3.479
    3.479    3.512    3.526    3.526    3.583    3.583    3.638    3.641    3.731    3.743
    3.743    3.758    3.758    3.760    4.361    4.361    4.409    4.409    4.447    4.447
            0.016667  0.028867  0.000000
  -60.255  -60.237  -60.237  -60.237  -60.237  -60.236  -60.236  -60.219  -60.219  -60.219
  -60.218  -60.218  -60.218  -60.218  -60.218  -60.218  -34.546  -34.546  -34.546  -34.481
  -34.481  -34.481  -34.480  -34.479  -34.479  -34.382  -34.376  -34.375  -34.368  -34.368
  -34.361  -34.361  -34.347  -34.347  -34.345  -34.345  -34.344  -34.344  -34.342  -34.340
  -34.340  -34.335  -34.335  -34.333  -34.310  -34.309  -34.309  -34.309  -34.309  -34.309
  -34.308  -34.308  -34.308  -34.269  -34.269  -34.269  -34.229  -34.229  -34.228  -34.228
  -34.226  -34.226  -34.186  -34.185  -13.414  -12.636  -12.636  -12.601  -12.601  -12.566
  -12.566  -12.107  -11.791  -11.791  -11.776  -11.776  -11.762  -11.762  -11.631  -11.616
  -11.616  -11.587  -11.587  -11.575  -11.575  -11.574  -11.572  -11.378  -11.378  -11.377
  -11.370  -11.363  -11.363  -11.350  -11.350  -11.344   -5.084   -5.084   -5.084   -4.932
   -4.440   -4.438   -4.438   -4.430   -4.430   -4.424   -4.321   -4.321   -4.321   -4.321
   -4.319   -4.319   -4.285   -4.262   -4.262   -4.214   -4.214   -4.189   -4.097   -4.095
   -4.095   -3.396   -3.396   -3.396   -3.173   -3.173   -3.156   -3.156   -3.136   -3.136
   -2.952   -2.952   -2.952   -2.952   -2.950   -2.950   -2.945   -2.945   -2.897   -2.897
   -2.849   -2.849   -2.572   -2.563   -2.563   -2.546   -2.546   -2.537   -2.513   -2.512
   -2.512   -2.305   -2.271   -2.271   -2.213   -2.213   -2.188   -1.974   -1.972   -1.871
   -1.871   -1.843   -1.843   -1.810   -1.810   -1.197   -1.197   -1.197   -1.190   -1.190
   -1.158   -1.158   -1.125   -1.125   -1.107   -1.004   -0.986   -0.986   -0.951   -0.951
   -0.932   -0.873   -0.862   -0.682   -0.682   -0.657   -0.657   -0.636   -0.636   -0.356
   -0.351   -0.351   -0.087   -0.087   -0.056   -0.056   -0.023   -0.023    0.025    0.025
    0.029    0.094    0.109    0.109    0.139    0.139    0.154    0.671    2.785    2.796
    2.796    2.815    2.815    2.822    2.824    2.824    2.825    2.825    2.831    2.831
    2.860    2.860    2.860    2.976    2.976    2.993    2.993    3.009    3.009    3.373
    3.373    3.374    3.387    3.389    3.390    3.412    3.412    3.461    3.461    3.487
    3.497    3.497    3.529    3.529    3.566    3.566    3.641    3.642    3.737    3.744
    3.744    3.754    3.754    3.757    4.375    4.375    4.406    4.406    4.432    4.433
            0.008333  0.014434  0.000000
  -60.255  -60.237  -60.237  -60.237  -60.237  -60.236  -60.236  -60.219  -60.219  -60.219
  -60.218  -60.218  -60.218  -60.218  -60.218  -60.218  -34.546  -34.546  -34.546  -34.481
  -34.480  -34.480  -34.480  -34.480  -34.479  -34.382  -34.372  -34.372  -34.368  -34.368
  -34.365  -34.365  -34.346  -34.346  -34.345  -34.345  -34.345  -34.345  -34.340  -34.339
  -34.339  -34.337  -34.337  -34.335  -34.309  -34.309  -34.309  -34.309  -34.309  -34.309
  -34.309  -34.309  -34.308  -34.269  -34.269  -34.269  -34.228  -34.228  -34.227  -34.227
  -34.227  -34.227  -34.185  -34.185  -13.415  -12.619  -12.619  -12.601  -12.601  -12.584
  -12.584  -12.107  -11.784  -11.784  -11.777  -11.776  -11.769  -11.769  -11.616  -11.609
  -11.609  -11.594  -11.594  -11.587  -11.575  -11.575  -11.574  -11.378  -11.378  -11.377
  -11.363  -11.360  -11.360  -11.353  -11.353  -11.350   -5.085   -5.085   -5.085   -4.933
   -4.437   -4.435   -4.435   -4.431   -4.431   -4.429   -4.320   -4.320   -4.320   -4.320
   -4.319   -4.319   -4.262   -4.250   -4.250   -4.226   -4.226   -4.214   -4.096   -4.096
   -4.096   -3.396   -3.396   -3.396   -3.165   -3.165   -3.156   -3.156   -3.146   -3.146
   -2.950   -2.950   -2.950   -2.950   -2.949   -2.949   -2.922   -2.922   -2.898   -2.898
   -2.874   -2.874   -2.564   -2.559   -2.559   -2.551   -2.551   -2.546   -2.512   -2.512
   -2.512   -2.276   -2.260   -2.260   -2.231   -2.231   -2.217   -1.973   -1.972   -1.855
   -1.855   -1.840   -1.840   -1.824   -1.824   -1.198   -1.198   -1.198   -1.174   -1.174
   -1.157   -1.157   -1.141   -1.141   -1.099   -0.986   -0.977   -0.977   -0.959   -0.959
   -0.950   -0.872   -0.869   -0.671   -0.671   -0.659   -0.659   -0.648   -0.648   -0.351
   -0.350   -0.350   -0.071   -0.071   -0.056   -0.056   -0.039   -0.039    0.025    0.025
    0.026    0.109    0.116    0.116    0.131    0.131    0.139    0.671    2.796    2.801
    2.801    2.810    2.810    2.815    2.825    2.825    2.826    2.826    2.829    2.829
    2.860    2.860    2.860    2.984    2.984    2.992    2.992    3.000    3.000    3.374
    3.374    3.374    3.388    3.389    3.412    3.424    3.424    3.449    3.449    3.461
    3.514    3.514    3.531    3.531    3.549    3.549    3.643    3.643    3.742    3.746
    3.746    3.750    3.750    3.752    4.389    4.389    4.404    4.404    4.418    4.418
            0.000000  0.000000  0.000000
  -60.255  -60.237  -60.237  -60.237  -60.237  -60.237  -60.237  -60.218  -60.218  -60.218
  -60.218  -60.218  -60.218  -60.218  -60.218  -60.218  -34.546  -34.546  -34.546  -34.480
  -34.480  -34.480  -34.480  -34.480  -34.480  -34.382  -34.368  -34.368  -34.368  -34.368
  -34.368  -34.368  -34.345  -34.345  -34.345  -34.345  -34.345  -34.345  -34.338  -34.338
  -34.338  -34.338  -34.338  -34.338  -34.309  -34.309  -34.309  -34.309  -34.309  -34.309
  -34.309  -34.309  -34.309  -34.269  -34.269  -34.269  -34.227  -34.227  -34.227  -34.227
  -34.227  -34.227  -34.185  -34.185  -13.415  -12.601  -12.601  -12.601  -12.601  -12.601
  -12.601  -12.107  -11.777  -11.777  -11.777  -11.777  -11.777  -11.777  -11.601  -11.601
  -11.601  -11.601  -11.601  -11.601  -11.574  -11.574  -11.574  -11.377  -11.377  -11.377
  -11.356  -11.356  -11.356  -11.356  -11.356  -11.356   -5.085   -5.085   -5.085   -4.933
   -4.433   -4.433   -4.433   -4.433   -4.433   -4.433   -4.319   -4.319   -4.319   -4.319
   -4.319   -4.319   -4.238   -4.238   -4.238   -4.238   -4.238   -4.238   -4.096   -4.096
   -4.096   -3.396   -3.396   -3.396   -3.156   -3.156   -3.156   -3.156   -3.156   -3.156
   -2.949   -2.949   -2.949   -2.949   -2.949   -2.949   -2.898   -2.898   -2.898   -2.898
   -2.898   -2.898   -2.555   -2.555   -2.555   -2.555   -2.555   -2.555   -2.512   -2.512
   -2.512   -2.246   -2.246   -2.246   -2.246   -2.246   -2.246   -1.972   -1.972   -1.839
   -1.839   -1.839   -1.839   -1.839   -1.839   -1.198   -1.198   -1.198   -1.157   -1.157
   -1.157   -1.157   -1.157   -1.157   -1.097   -0.968   -0.968   -0.968   -0.968   -0.968
   -0.968   -0.872   -0.872   -0.659   -0.659   -0.659   -0.659   -0.659   -0.659   -0.349
   -0.349   -0.349   -0.055   -0.055   -0.055   -0.055   -0.055   -0.055    0.025    0.025
    0.025    0.124    0.124    0.124    0.124    0.124    0.124    0.672    2.806    2.806
    2.806    2.806    2.806    2.806    2.827    2.827    2.827    2.827    2.827    2.827
    2.860    2.860    2.860    2.992    2.992    2.992    2.992    2.992    2.992    3.374
    3.374    3.374    3.389    3.389    3.436    3.436    3.436    3.436    3.436    3.437
    3.532    3.532    3.532    3.532    3.532    3.532    3.643    3.643    3.748    3.748
    3.748    3.748    3.748    3.748    4.404    4.404    4.404    4.404    4.404    4.404
